﻿
<DynamicTemplateString>
	<StringID>com.fmi.calculation.text.006C91020F5068694A5ACA64E8BF6ABE</StringID>
	<SourceText>&apos; r=&apos;</SourceText>
	<TargetText>&apos; r=&apos;</TargetText>
	<Comment>com.fmi.calculation.text.&apos; r=&apos;</Comment>
</DynamicTemplateString>

<DynamicTemplateString>
	<StringID>com.fmi.calculation.text.02C76780DB10C58E852BCD357D1BCB61</StringID>
	<SourceText><TAB/><TAB/>[ &quot;badge[+]text&quot; ; &quot;J&quot; ; 1 ] ;<CR/></SourceText>
	<TargetText><TAB/><TAB/>[ &quot;badge[+]text&quot; ; &quot;J&quot; ; 1 ] ;<CR/></TargetText>
	<Comment>com.fmi.calculation.text._TAB/__TAB/_[ &quot;badge[+]text&quot; ; &quot;J&quot; ; 1 ] ;_CR/_</Comment>
</DynamicTemplateString>

<DynamicTemplateString>
	<StringID>com.fmi.calculation.text.076439FFEC06AC9923F89CF1F9B6B2F5</StringID>
	<SourceText>AL</SourceText>
	<TargetText>AL</TargetText>
	<Comment>com.fmi.calculation.text.AL</Comment>
</DynamicTemplateString>

<DynamicTemplateString>
	<StringID>com.fmi.calculation.text.0D10CBD14A610F4DC0B09618B33BF228</StringID>
	<SourceText>font.name</SourceText>
	<TargetText>font.name</TargetText>
	<Comment>com.fmi.calculation.text.font.name</Comment>
</DynamicTemplateString>

<DynamicTemplateString>
	<StringID>com.fmi.calculation.text.0F9511A07326D8E2E23EFB2AF6BB146F</StringID>
	<SourceText>color.text</SourceText>
	<TargetText>color.text</TargetText>
	<Comment>com.fmi.calculation.text.color.text</Comment>
</DynamicTemplateString>

<DynamicTemplateString>
	<StringID>com.fmi.calculation.text.0FB122270860D13374996F21902B49E2</StringID>
	<SourceText>height</SourceText>
	<TargetText>height</TargetText>
	<Comment>com.fmi.calculation.text.height</Comment>
</DynamicTemplateString>

<DynamicTemplateString>
	<StringID>com.fmi.calculation.text.15720A654B727D02F40175B72E987A52</StringID>
	<SourceText>J</SourceText>
	<TargetText>J</TargetText>
	<Comment>com.fmi.calculation.text.J</Comment>
</DynamicTemplateString>

<DynamicTemplateString>
	<StringID>com.fmi.calculation.text.1C09A9623F7F2EB4024C761936A47B15</StringID>
	<SourceText> Generates overlapping circular badges with custom text and <CR/></SourceText>
	<TargetText> Generates overlapping circular badges with custom text and <CR/></TargetText>
	<Comment>com.fmi.calculation.text. Generates overlapping circular badges with custom text and _CR/_</Comment>
</DynamicTemplateString>

<DynamicTemplateString>
	<StringID>com.fmi.calculation.text.2004865D334EEEA246A3297AF3F25352</StringID>
	<SourceText>bold</SourceText>
	<TargetText>bold</TargetText>
	<Comment>com.fmi.calculation.text.bold</Comment>
</DynamicTemplateString>

<DynamicTemplateString>
	<StringID>com.fmi.calculation.text.201F488D7D9318C8D079170CA4FEF266</StringID>
	<SourceText><TAB/><TAB/>[ &quot;badge[:]color.text&quot; ; &quot;#FFFFFF&quot; ; 1 ] <CR/></SourceText>
	<TargetText><TAB/><TAB/>[ &quot;badge[:]color.text&quot; ; &quot;#FFFFFF&quot; ; 1 ] <CR/></TargetText>
	<Comment>com.fmi.calculation.text._TAB/__TAB/_[ &quot;badge[:]color.text&quot; ; &quot;#FFFFFF&quot; ; 1 ] _CR/_</Comment>
</DynamicTemplateString>

<DynamicTemplateString>
	<StringID>com.fmi.calculation.text.22E5F78A0938349E6B256358501CF181</StringID>
	<SourceText>&lt;text x=&apos;</SourceText>
	<TargetText>&lt;text x=&apos;</TargetText>
	<Comment>com.fmi.calculation.text.&lt;text x=&apos;</Comment>
</DynamicTemplateString>

<DynamicTemplateString>
	<StringID>com.fmi.calculation.text.2A1917F300226FB8C6681369BE0FF6A9</StringID>
	<SourceText>badge</SourceText>
	<TargetText>badge</TargetText>
	<Comment>com.fmi.calculation.text.badge</Comment>
</DynamicTemplateString>

<DynamicTemplateString>
	<StringID>com.fmi.calculation.text.2AC9B911D88899E2B8F8B9C0959ED8CE</StringID>
	<SourceText> individual text, background and font colour, and border styles, with layout dynamically handled based on Web Viewer dimensions. The leftmost <CR/></SourceText>
	<TargetText> individual text, background and font colour, and border styles, with layout dynamically handled based on Web Viewer dimensions. The leftmost <CR/></TargetText>
	<Comment>com.fmi.calculation.text. individual text, background and font colour, and border styles, with layout dynamically handled based on Web Viewer dimensions. The leftmost _CR/_</Comment>
</DynamicTemplateString>

<DynamicTemplateString>
	<StringID>com.fmi.calculation.text.2CDD2E2F39E51246AE5F23A51418FC00</StringID>
	<SourceText>&apos; stroke=&apos;</SourceText>
	<TargetText>&apos; stroke=&apos;</TargetText>
	<Comment>com.fmi.calculation.text.&apos; stroke=&apos;</Comment>
</DynamicTemplateString>

<DynamicTemplateString>
	<StringID>com.fmi.calculation.text.2F42FC9329AFFE93085A85D6500BDBB4</StringID>
	<SourceText>color.background</SourceText>
	<TargetText>color.background</TargetText>
	<Comment>com.fmi.calculation.text.color.background</Comment>
</DynamicTemplateString>

<DynamicTemplateString>
	<StringID>com.fmi.calculation.text.31330BE6160A6C29AF91E6D7AD142551</StringID>
	<SourceText>defaultArray</SourceText>
	<TargetText>defaultArray</TargetText>
	<Comment>com.fmi.calculation.text.defaultArray</Comment>
</DynamicTemplateString>

<DynamicTemplateString>
	<StringID>com.fmi.calculation.text.3A8731256550C5C77C7958426B4D4245</StringID>
	<SourceText> This function produces a visually stacked row of circular badges using SVG, styled and controlled entirely via JSON. Each badge supports <CR/></SourceText>
	<TargetText> This function produces a visually stacked row of circular badges using SVG, styled and controlled entirely via JSON. Each badge supports <CR/></TargetText>
	<Comment>com.fmi.calculation.text. This function produces a visually stacked row of circular badges using SVG, styled and controlled entirely via JSON. Each badge supports _CR/_</Comment>
</DynamicTemplateString>

<DynamicTemplateString>
	<StringID>com.fmi.calculation.text.4161BF06CC32D086B2B781AA6FAC0E37</StringID>
	<SourceText>&lt;svg xmlns=&apos;http://www.w3.org/2000/svg&apos; width=&apos;</SourceText>
	<TargetText>&lt;svg xmlns=&apos;http://www.w3.org/2000/svg&apos; width=&apos;</TargetText>
	<Comment>com.fmi.calculation.text.&lt;svg xmlns=&apos;http://www.w3.org/2000/svg&apos; width=&apos;</Comment>
</DynamicTemplateString>

<DynamicTemplateString>
	<StringID>com.fmi.calculation.text.42F8F98C8FEC74752D8E960E8E698137</StringID>
	<SourceText> BADGE STACK<CR/></SourceText>
	<TargetText> BADGE STACK<CR/></TargetText>
	<Comment>com.fmi.calculation.text. BADGE STACK_CR/_</Comment>
</DynamicTemplateString>

<DynamicTemplateString>
	<StringID>com.fmi.calculation.text.454DD36B48548B80AA6CFC160CA3AF1A</StringID>
	<SourceText>&apos; fill=&apos;</SourceText>
	<TargetText>&apos; fill=&apos;</TargetText>
	<Comment>com.fmi.calculation.text.&apos; fill=&apos;</Comment>
</DynamicTemplateString>

<DynamicTemplateString>
	<StringID>com.fmi.calculation.text.46FCBE13FEBEB8A36942A67CA6A2E669</StringID>
	<SourceText>&lt;rect width=&apos;</SourceText>
	<TargetText>&lt;rect width=&apos;</TargetText>
	<Comment>com.fmi.calculation.text.&lt;rect width=&apos;</Comment>
</DynamicTemplateString>

<DynamicTemplateString>
	<StringID>com.fmi.calculation.text.4A94F06241F43B1169A874CA556169CE</StringID>
	<SourceText> Function Name : badgeStack<CR/></SourceText>
	<TargetText> Function Name : badgeStack<CR/></TargetText>
	<Comment>com.fmi.calculation.text. Function Name : badgeStack_CR/_</Comment>
</DynamicTemplateString>

<DynamicTemplateString>
	<StringID>com.fmi.calculation.text.4D971C5795FC1B50D4389CC5DDE023A9</StringID>
	<SourceText> Use example : badgeStack ( 400 ; 400 ; $defaultArray ; $pillArray )<CR/></SourceText>
	<TargetText> Use example : badgeStack ( 400 ; 400 ; $defaultArray ; $pillArray )<CR/></TargetText>
	<Comment>com.fmi.calculation.text. Use example : badgeStack ( 400 ; 400 ; $defaultArray ; $pillArray )_CR/_</Comment>
</DynamicTemplateString>

<DynamicTemplateString>
	<StringID>com.fmi.calculation.text.4F6A728D9AE11FE40463AC741F8A3A30</StringID>
	<SourceText>font.size</SourceText>
	<TargetText>font.size</TargetText>
	<Comment>com.fmi.calculation.text.font.size</Comment>
</DynamicTemplateString>

<DynamicTemplateString>
	<StringID>com.fmi.calculation.text.5057A41E43F32C34D58FEB55A967B317</StringID>
	<SourceText>border.stroke</SourceText>
	<TargetText>border.stroke</TargetText>
	<Comment>com.fmi.calculation.text.border.stroke</Comment>
</DynamicTemplateString>

<DynamicTemplateString>
	<StringID>com.fmi.calculation.text.516FC49D615105CBCC9934A7022922FA</StringID>
	<SourceText><TAB/><TAB/>[ &quot;badge[:]color.background&quot; ; &quot;#4285F4&quot; ; 1 ] ;<CR/></SourceText>
	<TargetText><TAB/><TAB/>[ &quot;badge[:]color.background&quot; ; &quot;#4285F4&quot; ; 1 ] ;<CR/></TargetText>
	<Comment>com.fmi.calculation.text._TAB/__TAB/_[ &quot;badge[:]color.background&quot; ; &quot;#4285F4&quot; ; 1 ] ;_CR/_</Comment>
</DynamicTemplateString>

<DynamicTemplateString>
	<StringID>com.fmi.calculation.text.525D2C7CF9A16EE2B3FFA9ED63BCEFA7</StringID>
	<SourceText>&apos; font-weight=&apos;</SourceText>
	<TargetText>&apos; font-weight=&apos;</TargetText>
	<Comment>com.fmi.calculation.text.&apos; font-weight=&apos;</Comment>
</DynamicTemplateString>

<DynamicTemplateString>
	<StringID>com.fmi.calculation.text.542F715A7F0F9A5D94316E0DE280D6A8</StringID>
	<SourceText><TAB/><TAB/>[ &quot;font.name&quot; ; &quot;Helvetica Neue&quot; ; 1 ] ;<CR/></SourceText>
	<TargetText><TAB/><TAB/>[ &quot;font.name&quot; ; &quot;Helvetica Neue&quot; ; 1 ] ;<CR/></TargetText>
	<Comment>com.fmi.calculation.text._TAB/__TAB/_[ &quot;font.name&quot; ; &quot;Helvetica Neue&quot; ; 1 ] ;_CR/_</Comment>
</DynamicTemplateString>

<DynamicTemplateString>
	<StringID>com.fmi.calculation.text.556E99D4A217AD9EA00C4E671C525C1E</StringID>
	<SourceText>&lt;circle cx=&apos;</SourceText>
	<TargetText>&lt;circle cx=&apos;</TargetText>
	<Comment>com.fmi.calculation.text.&lt;circle cx=&apos;</Comment>
</DynamicTemplateString>

<DynamicTemplateString>
	<StringID>com.fmi.calculation.text.55CFCDF5B2F93B5B1282C23B41664E9E</StringID>
	<SourceText><TAB/><TAB/>[ &quot;badge[:]color.background&quot; ; &quot;#F4511E&quot; ; 1 ] ;<CR/></SourceText>
	<TargetText><TAB/><TAB/>[ &quot;badge[:]color.background&quot; ; &quot;#F4511E&quot; ; 1 ] ;<CR/></TargetText>
	<Comment>com.fmi.calculation.text._TAB/__TAB/_[ &quot;badge[:]color.background&quot; ; &quot;#F4511E&quot; ; 1 ] ;_CR/_</Comment>
</DynamicTemplateString>

<DynamicTemplateString>
	<StringID>com.fmi.calculation.text.567A698FF0F5AC37B1BEC2AD959BB2D0</StringID>
	<SourceText>GD</SourceText>
	<TargetText>GD</TargetText>
	<Comment>com.fmi.calculation.text.GD</Comment>
</DynamicTemplateString>

<DynamicTemplateString>
	<StringID>com.fmi.calculation.text.58016D7BE48826BF7888E410F9BBDA05</StringID>
	<SourceText>targetWebViewer</SourceText>
	<TargetText>targetWebViewer</TargetText>
	<Comment>com.fmi.calculation.text.targetWebViewer</Comment>
</DynamicTemplateString>

<DynamicTemplateString>
	<StringID>com.fmi.calculation.text.5DF961979BCF99311F24F8E976EE5CA0</StringID>
	<SourceText>&apos; y=&apos;</SourceText>
	<TargetText>&apos; y=&apos;</TargetText>
	<Comment>com.fmi.calculation.text.&apos; y=&apos;</Comment>
</DynamicTemplateString>

<DynamicTemplateString>
	<StringID>com.fmi.calculation.text.6102479359ECFAA711D0983E9B146C0F</StringID>
	<SourceText>font.weight</SourceText>
	<TargetText>font.weight</TargetText>
	<Comment>com.fmi.calculation.text.font.weight</Comment>
</DynamicTemplateString>

<DynamicTemplateString>
	<StringID>com.fmi.calculation.text.62DF49DC7BB51BEE25BFBC850895FC9B</StringID>
	<SourceText><TAB/><TAB/>[ &quot;background.fill&quot; ; &quot;#FFFFFF&quot; ; 1 ]<CR/></SourceText>
	<TargetText><TAB/><TAB/>[ &quot;background.fill&quot; ; &quot;#FFFFFF&quot; ; 1 ]<CR/></TargetText>
	<Comment>com.fmi.calculation.text._TAB/__TAB/_[ &quot;background.fill&quot; ; &quot;#FFFFFF&quot; ; 1 ]_CR/_</Comment>
</DynamicTemplateString>

<DynamicTemplateString>
	<StringID>com.fmi.calculation.text.6EA05AB4336556BD1BEB5746707D06F7</StringID>
	<SourceText> badge appears on top, enabling a clean and readable stack that’s perfect for representing users, tags, roles or assignments in FileMaker layouts.<CR/></SourceText>
	<TargetText> badge appears on top, enabling a clean and readable stack that’s perfect for representing users, tags, roles or assignments in FileMaker layouts.<CR/></TargetText>
	<Comment>com.fmi.calculation.text. badge appears on top, enabling a clean and readable stack that’s perfect for representing users, tags, roles or assignments in FileMaker layouts._CR/_</Comment>
</DynamicTemplateString>

<DynamicTemplateString>
	<StringID>com.fmi.calculation.text.755B1DC5E8D140BCA62DEB24CCBD4D06</StringID>
	<SourceText><TAB/><CR/></SourceText>
	<TargetText><TAB/><CR/></TargetText>
	<Comment>com.fmi.calculation.text._TAB/__CR/_</Comment>
</DynamicTemplateString>

<DynamicTemplateString>
	<StringID>com.fmi.calculation.text.77196F01E11FA74F832977CAD206660C</StringID>
	<SourceText>badge[+]text</SourceText>
	<TargetText>badge[+]text</TargetText>
	<Comment>com.fmi.calculation.text.badge[+]text</Comment>
</DynamicTemplateString>

<DynamicTemplateString>
	<StringID>com.fmi.calculation.text.77EC7C7CFA0EA3B815DDBADA22845D1A</StringID>
	<SourceText>MR</SourceText>
	<TargetText>MR</TargetText>
	<Comment>com.fmi.calculation.text.MR</Comment>
</DynamicTemplateString>

<DynamicTemplateString>
	<StringID>com.fmi.calculation.text.79DAFBA321E8084042069E25AD389EF2</StringID>
	<SourceText>&lt;/svg&gt;</SourceText>
	<TargetText>&lt;/svg&gt;</TargetText>
	<Comment>com.fmi.calculation.text.&lt;/svg&gt;</Comment>
</DynamicTemplateString>

<DynamicTemplateString>
	<StringID>com.fmi.calculation.text.7C86D3F8940FCD350CA2783515A591F1</StringID>
	<SourceText><TAB/><TAB/>[ &quot;spacing.overlap&quot; ; 6 ; 2 ] ;<CR/></SourceText>
	<TargetText><TAB/><TAB/>[ &quot;spacing.overlap&quot; ; 6 ; 2 ] ;<CR/></TargetText>
	<Comment>com.fmi.calculation.text._TAB/__TAB/_[ &quot;spacing.overlap&quot; ; 6 ; 2 ] ;_CR/_</Comment>
</DynamicTemplateString>

<DynamicTemplateString>
	<StringID>com.fmi.calculation.text.81DBB097BD91BDD58AC976DAC49C38AF</StringID>
	<SourceText>&apos; height=&apos;</SourceText>
	<TargetText>&apos; height=&apos;</TargetText>
	<Comment>com.fmi.calculation.text.&apos; height=&apos;</Comment>
</DynamicTemplateString>

<DynamicTemplateString>
	<StringID>com.fmi.calculation.text.87A05D623C4196F46B4E67E5FC0A5B56</StringID>
	<SourceText>wv_pillCloud_D12C2D68-0EEC-4994-81C3-40969648CF18</SourceText>
	<TargetText>wv_pillCloud_D12C2D68-0EEC-4994-81C3-40969648CF18</TargetText>
	<Comment>com.fmi.calculation.text.wv_pillCloud_D12C2D68-0EEC-4994-81C3-40969648CF18</Comment>
</DynamicTemplateString>

<DynamicTemplateString>
	<StringID>com.fmi.calculation.text.8967E474E567D8A869E20AF4B21032D8</StringID>
	<SourceText>&apos; cy=&apos;</SourceText>
	<TargetText>&apos; cy=&apos;</TargetText>
	<Comment>com.fmi.calculation.text.&apos; cy=&apos;</Comment>
</DynamicTemplateString>

<DynamicTemplateString>
	<StringID>com.fmi.calculation.text.9286618FE0B2C104A3FBBEC4C6CD20A4</StringID>
	<SourceText> </SourceText>
	<TargetText> </TargetText>
	<Comment>com.fmi.calculation.text.</Comment>
</DynamicTemplateString>

<DynamicTemplateString>
	<StringID>com.fmi.calculation.text.94FD8D617EAB602679355DCE7C25A50D</StringID>
	<SourceText><TAB/>JSONSetElement ( &quot;&quot; ; <CR/></SourceText>
	<TargetText><TAB/>JSONSetElement ( &quot;&quot; ; <CR/></TargetText>
	<Comment>com.fmi.calculation.text._TAB/_JSONSetElement ( &quot;&quot; ; _CR/_</Comment>
</DynamicTemplateString>

<DynamicTemplateString>
	<StringID>com.fmi.calculation.text.967B3F0BD49D238FE9129FDBF3C2821A</StringID>
	<SourceText>&apos; viewBox=&apos;0 0 </SourceText>
	<TargetText>&apos; viewBox=&apos;0 0 </TargetText>
	<Comment>com.fmi.calculation.text.&apos; viewBox=&apos;0 0</Comment>
</DynamicTemplateString>

<DynamicTemplateString>
	<StringID>com.fmi.calculation.text.9A72A2DE060555B8C41ED447D33B6DE4</StringID>
	<SourceText><TAB/><TAB/>[ &quot;border.color&quot; ; &quot;#FFFFFF&quot; ; 1 ] ;<CR/></SourceText>
	<TargetText><TAB/><TAB/>[ &quot;border.color&quot; ; &quot;#FFFFFF&quot; ; 1 ] ;<CR/></TargetText>
	<Comment>com.fmi.calculation.text._TAB/__TAB/_[ &quot;border.color&quot; ; &quot;#FFFFFF&quot; ; 1 ] ;_CR/_</Comment>
</DynamicTemplateString>

<DynamicTemplateString>
	<StringID>com.fmi.calculation.text.9B60B73F3536581424DDA08531F10C03</StringID>
	<SourceText> Badge Array Example<CR/></SourceText>
	<TargetText> Badge Array Example<CR/></TargetText>
	<Comment>com.fmi.calculation.text. Badge Array Example_CR/_</Comment>
</DynamicTemplateString>

<DynamicTemplateString>
	<StringID>com.fmi.calculation.text.9DE1CC4A259B1FAB237AADE602D5D0EB</StringID>
	<SourceText>#f37d75</SourceText>
	<TargetText>#f37d75</TargetText>
	<Comment>com.fmi.calculation.text.#f37d75</Comment>
</DynamicTemplateString>

<DynamicTemplateString>
	<StringID>com.fmi.calculation.text.A0B02FDAAFC547BE905B33FD03816871</StringID>
	<SourceText>spacing.overlap</SourceText>
	<TargetText>spacing.overlap</TargetText>
	<Comment>com.fmi.calculation.text.spacing.overlap</Comment>
</DynamicTemplateString>

<DynamicTemplateString>
	<StringID>com.fmi.calculation.text.A238CF967B73E6BEB5601066DA31B25A</StringID>
	<SourceText>text</SourceText>
	<TargetText>text</TargetText>
	<Comment>com.fmi.calculation.text.text</Comment>
</DynamicTemplateString>

<DynamicTemplateString>
	<StringID>com.fmi.calculation.text.A23E602293964D6398BF6DE9EEC7012E</StringID>
	<SourceText>border.color</SourceText>
	<TargetText>border.color</TargetText>
	<Comment>com.fmi.calculation.text.border.color</Comment>
</DynamicTemplateString>

<DynamicTemplateString>
	<StringID>com.fmi.calculation.text.A433A9114A2FC2FC2BF3E67A40881645</StringID>
	<SourceText>badge[:]color.text</SourceText>
	<TargetText>badge[:]color.text</TargetText>
	<Comment>com.fmi.calculation.text.badge[:]color.text</Comment>
</DynamicTemplateString>

<DynamicTemplateString>
	<StringID>com.fmi.calculation.text.A885273C8732BD3BA5DBED43BC254411</StringID>
	<SourceText>[</SourceText>
	<TargetText>[</TargetText>
	<Comment>com.fmi.calculation.text.[</Comment>
</DynamicTemplateString>

<DynamicTemplateString>
	<StringID>com.fmi.calculation.text.A99466FAFC4A66A70C833416D6AD4590</StringID>
	<SourceText>Helvetica Neue</SourceText>
	<TargetText>Helvetica Neue</TargetText>
	<Comment>com.fmi.calculation.text.Helvetica Neue</Comment>
</DynamicTemplateString>

<DynamicTemplateString>
	<StringID>com.fmi.calculation.text.AB13BC6896BBF5C9A84821B0AD4AF9AF</StringID>
	<SourceText>#4285F4</SourceText>
	<TargetText>#4285F4</TargetText>
	<Comment>com.fmi.calculation.text.#4285F4</Comment>
</DynamicTemplateString>

<DynamicTemplateString>
	<StringID>com.fmi.calculation.text.AF00F351C15C4CFED6996E8722B2DF55</StringID>
	<SourceText>width</SourceText>
	<TargetText>width</TargetText>
	<Comment>com.fmi.calculation.text.width</Comment>
</DynamicTemplateString>

<DynamicTemplateString>
	<StringID>com.fmi.calculation.text.AFC7C7EAF2FE1BFBCA5B53E57FC35D7D</StringID>
	<SourceText>background.fill</SourceText>
	<TargetText>background.fill</TargetText>
	<Comment>com.fmi.calculation.text.background.fill</Comment>
</DynamicTemplateString>

<DynamicTemplateString>
	<StringID>com.fmi.calculation.text.B00F3A96761E60F5F3834BAD9D5ABE6F</StringID>
	<SourceText>&apos; text-anchor=&apos;middle&apos; font-family=&apos;</SourceText>
	<TargetText>&apos; text-anchor=&apos;middle&apos; font-family=&apos;</TargetText>
	<Comment>com.fmi.calculation.text.&apos; text-anchor=&apos;middle&apos; font-family=&apos;</Comment>
</DynamicTemplateString>

<DynamicTemplateString>
	<StringID>com.fmi.calculation.text.B3621A94D18F5DA8D34B95BB1C457EA1</StringID>
	<SourceText>#3fcfd0</SourceText>
	<TargetText>#3fcfd0</TargetText>
	<Comment>com.fmi.calculation.text.#3fcfd0</Comment>
</DynamicTemplateString>

<DynamicTemplateString>
	<StringID>com.fmi.calculation.text.B5891D5D31C2D57D8C36A5E1ABEC4147</StringID>
	<SourceText>radius</SourceText>
	<TargetText>radius</TargetText>
	<Comment>com.fmi.calculation.text.radius</Comment>
</DynamicTemplateString>

<DynamicTemplateString>
	<StringID>com.fmi.calculation.text.B91771DEB2389AF80D1DA1E203F82787</StringID>
	<SourceText><TAB/><TAB/>[ &quot;badge[:]color.text&quot; ; &quot;#FFFFFF&quot; ; 1 ] ;<CR/></SourceText>
	<TargetText><TAB/><TAB/>[ &quot;badge[:]color.text&quot; ; &quot;#FFFFFF&quot; ; 1 ] ;<CR/></TargetText>
	<Comment>com.fmi.calculation.text._TAB/__TAB/_[ &quot;badge[:]color.text&quot; ; &quot;#FFFFFF&quot; ; 1 ] ;_CR/_</Comment>
</DynamicTemplateString>

<DynamicTemplateString>
	<StringID>com.fmi.calculation.text.BBB71BE88C53A02CCAA1E84677E66289</StringID>
	<SourceText>&apos; /&gt;</SourceText>
	<TargetText>&apos; /&gt;</TargetText>
	<Comment>com.fmi.calculation.text.&apos; /&gt;</Comment>
</DynamicTemplateString>

<DynamicTemplateString>
	<StringID>com.fmi.calculation.text.C4DF687A2311A7DA573E515D4301916E</StringID>
	<SourceText><TAB/><TAB/>[ &quot;radius&quot; ; 16 ; 2 ] ;<CR/></SourceText>
	<TargetText><TAB/><TAB/>[ &quot;radius&quot; ; 16 ; 2 ] ;<CR/></TargetText>
	<Comment>com.fmi.calculation.text._TAB/__TAB/_[ &quot;radius&quot; ; 16 ; 2 ] ;_CR/_</Comment>
</DynamicTemplateString>

<DynamicTemplateString>
	<StringID>com.fmi.calculation.text.C82C9199005E2B454EE00A313DE0A02D</StringID>
	<SourceText><TAB/>)<CR/></SourceText>
	<TargetText><TAB/>)<CR/></TargetText>
	<Comment>com.fmi.calculation.text._TAB/_)_CR/_</Comment>
</DynamicTemplateString>

<DynamicTemplateString>
	<StringID>com.fmi.calculation.text.C90EE444ACF31F959B4BC8E9B36828CA</StringID>
	<SourceText>#FFFFFF</SourceText>
	<TargetText>#FFFFFF</TargetText>
	<Comment>com.fmi.calculation.text.#FFFFFF</Comment>
</DynamicTemplateString>

<DynamicTemplateString>
	<StringID>com.fmi.calculation.text.CB7A68C052A68EB1007EF58A3D7CB772</StringID>
	<SourceText>&apos;&gt;</SourceText>
	<TargetText>&apos;&gt;</TargetText>
	<Comment>com.fmi.calculation.text.&apos;&gt;</Comment>
</DynamicTemplateString>

<DynamicTemplateString>
	<StringID>com.fmi.calculation.text.CBA83DB36E59C9B32FB3244EE4813EAC</StringID>
	<SourceText><TAB/><TAB/>[ &quot;badge[+]text&quot; ; &quot;MR&quot; ; 1 ] ;<CR/></SourceText>
	<TargetText><TAB/><TAB/>[ &quot;badge[+]text&quot; ; &quot;MR&quot; ; 1 ] ;<CR/></TargetText>
	<Comment>com.fmi.calculation.text._TAB/__TAB/_[ &quot;badge[+]text&quot; ; &quot;MR&quot; ; 1 ] ;_CR/_</Comment>
</DynamicTemplateString>

<DynamicTemplateString>
	<StringID>com.fmi.calculation.text.CDF2272932810A811B03A6EC3BDE90BF</StringID>
	<SourceText>data:image/svg+xml;utf8,</SourceText>
	<TargetText>data:image/svg+xml;utf8,</TargetText>
	<Comment>com.fmi.calculation.text.data:image/svg+xml;utf8,</Comment>
</DynamicTemplateString>

<DynamicTemplateString>
	<StringID>com.fmi.calculation.text.D0393F39CD9C4C4BA85511D03B8CDE1C</StringID>
	<SourceText> Written by: jonni@me.com<CR/></SourceText>
	<TargetText> Written by: jonni@me.com<CR/></TargetText>
	<Comment>com.fmi.calculation.text. Written by: jonni@me.com_CR/_</Comment>
</DynamicTemplateString>

<DynamicTemplateString>
	<StringID>com.fmi.calculation.text.D368224758B103B0BB2EFF5175339335</StringID>
	<SourceText>]</SourceText>
	<TargetText>]</TargetText>
	<Comment>com.fmi.calculation.text.]</Comment>
</DynamicTemplateString>

<DynamicTemplateString>
	<StringID>com.fmi.calculation.text.D42442B924CBECE23CD3923C9D8F3600</StringID>
	<SourceText> Loop to generate badge SVGs in reverse order<CR/></SourceText>
	<TargetText> Loop to generate badge SVGs in reverse order<CR/></TargetText>
	<Comment>com.fmi.calculation.text. Loop to generate badge SVGs in reverse order_CR/_</Comment>
</DynamicTemplateString>

<DynamicTemplateString>
	<StringID>com.fmi.calculation.text.D6447B72F28E26F3C58C5C593BFB927C</StringID>
	<SourceText>&apos; font-size=&apos;</SourceText>
	<TargetText>&apos; font-size=&apos;</TargetText>
	<Comment>com.fmi.calculation.text.&apos; font-size=&apos;</Comment>
</DynamicTemplateString>

<DynamicTemplateString>
	<StringID>com.fmi.calculation.text.DABFD27173C21E478BB227F2E919F378</StringID>
	<SourceText> V 1.0</SourceText>
	<TargetText> V 1.0</TargetText>
	<Comment>com.fmi.calculation.text. V 1.0</Comment>
</DynamicTemplateString>

<DynamicTemplateString>
	<StringID>com.fmi.calculation.text.DD9C7FE4322D7F60662AE8FF7CCCA5F7</StringID>
	<SourceText>badge[:]color.background</SourceText>
	<TargetText>badge[:]color.background</TargetText>
	<Comment>com.fmi.calculation.text.badge[:]color.background</Comment>
</DynamicTemplateString>

<DynamicTemplateString>
	<StringID>com.fmi.calculation.text.DEAD8233F1DCA2E14FB011784EC7E155</StringID>
	<SourceText> GitHub : https://github.com/roxytheman/fmCustomFunctions/blob/7ca5a986a7edd44f740f7edb8a65fd198a018d97/functions/badgeStack.fmfn<CR/></SourceText>
	<TargetText> GitHub : https://github.com/roxytheman/fmCustomFunctions/blob/7ca5a986a7edd44f740f7edb8a65fd198a018d97/functions/badgeStack.fmfn<CR/></TargetText>
	<Comment>com.fmi.calculation.text. GitHub : https://github.com/roxytheman/fmCustomFunctions/blob/7ca5a986a7edd44f740f7edb8a65fd198a018d97/functions/badgeStack.fmfn_CR/_</Comment>
</DynamicTemplateString>

<DynamicTemplateString>
	<StringID>com.fmi.calculation.text.DFD6B1DCC490D5895F392FBFC0E325BF</StringID>
	<SourceText>badgeArray</SourceText>
	<TargetText>badgeArray</TargetText>
	<Comment>com.fmi.calculation.text.badgeArray</Comment>
</DynamicTemplateString>

<DynamicTemplateString>
	<StringID>com.fmi.calculation.text.E1C30449106534D16EEFA6B766B99984</StringID>
	<SourceText><TAB/><TAB/>[ &quot;font.weight&quot; ; &quot;bold&quot; ; 1 ] ;<CR/></SourceText>
	<TargetText><TAB/><TAB/>[ &quot;font.weight&quot; ; &quot;bold&quot; ; 1 ] ;<CR/></TargetText>
	<Comment>com.fmi.calculation.text._TAB/__TAB/_[ &quot;font.weight&quot; ; &quot;bold&quot; ; 1 ] ;_CR/_</Comment>
</DynamicTemplateString>

<DynamicTemplateString>
	<StringID>com.fmi.calculation.text.E211737A5DE9120BF4C6C5E39FB3F92A</StringID>
	<SourceText> Default Array Example<CR/></SourceText>
	<TargetText> Default Array Example<CR/></TargetText>
	<Comment>com.fmi.calculation.text. Default Array Example_CR/_</Comment>
</DynamicTemplateString>

<DynamicTemplateString>
	<StringID>com.fmi.calculation.text.E5E51B7D0584B74FA19093FE730FE03B</StringID>
	<SourceText>#F4511E</SourceText>
	<TargetText>#F4511E</TargetText>
	<Comment>com.fmi.calculation.text.#F4511E</Comment>
</DynamicTemplateString>

<DynamicTemplateString>
	<StringID>com.fmi.calculation.text.E70A62F57FB8A18F967D2AD97E77357C</StringID>
	<SourceText> BD Link : https://www.briandunning.com/cf/2804<CR/></SourceText>
	<TargetText> BD Link : https://www.briandunning.com/cf/2804<CR/></TargetText>
	<Comment>com.fmi.calculation.text. BD Link : https://www.briandunning.com/cf/2804_CR/_</Comment>
</DynamicTemplateString>

<DynamicTemplateString>
	<StringID>com.fmi.calculation.text.E94E3FFF1D578572AA2C0D0DBEE6F590</StringID>
	<SourceText> Defaults<CR/></SourceText>
	<TargetText> Defaults<CR/></TargetText>
	<Comment>com.fmi.calculation.text. Defaults_CR/_</Comment>
</DynamicTemplateString>

<DynamicTemplateString>
	<StringID>com.fmi.calculation.text.ED50F0DDE7106D2662A388DC262863AE</StringID>
	<SourceText>&apos; stroke-width=&apos;</SourceText>
	<TargetText>&apos; stroke-width=&apos;</TargetText>
	<Comment>com.fmi.calculation.text.&apos; stroke-width=&apos;</Comment>
</DynamicTemplateString>

<DynamicTemplateString>
	<StringID>com.fmi.calculation.text.EDDED0B6F8300C71F631A9401900F88B</StringID>
	<SourceText>&lt;/text&gt;</SourceText>
	<TargetText>&lt;/text&gt;</TargetText>
	<Comment>com.fmi.calculation.text.&lt;/text&gt;</Comment>
</DynamicTemplateString>

<DynamicTemplateString>
	<StringID>com.fmi.calculation.text.EECE2E542B0CDCE586A27B7931BA8BF0</StringID>
	<SourceText>¶</SourceText>
	<TargetText>¶</TargetText>
	<Comment>com.fmi.calculation.text.¶</Comment>
</DynamicTemplateString>

<DynamicTemplateString>
	<StringID>com.fmi.calculation.text.F783C465E899EB80CB9978EA21552594</StringID>
	<SourceText> Note : See structure and syntax for defaultArray and badgeArray below<CR/></SourceText>
	<TargetText> Note : See structure and syntax for defaultArray and badgeArray below<CR/></TargetText>
	<Comment>com.fmi.calculation.text. Note : See structure and syntax for defaultArray and badgeArray below_CR/_</Comment>
</DynamicTemplateString>

<DynamicTemplateString>
	<StringID>com.fmi.calculation.text.FA83D75219914CE81F7DF7F49148A6A0</StringID>
	<SourceText> Parameters : width ; height ; defaultArray ; badgeArray<CR/></SourceText>
	<TargetText> Parameters : width ; height ; defaultArray ; badgeArray<CR/></TargetText>
	<Comment>com.fmi.calculation.text. Parameters : width ; height ; defaultArray ; badgeArray_CR/_</Comment>
</DynamicTemplateString>

<DynamicTemplateString>
	<StringID>com.fmi.calculation.text.FB7C69116A767F4A88741E7C0BA0DD21</StringID>
	<SourceText> styles from JSON, rendered in SVG for display in a FileMaker Web Viewer.<CR/></SourceText>
	<TargetText> styles from JSON, rendered in SVG for display in a FileMaker Web Viewer.<CR/></TargetText>
	<Comment>com.fmi.calculation.text. styles from JSON, rendered in SVG for display in a FileMaker Web Viewer._CR/_</Comment>
</DynamicTemplateString>

<DynamicTemplateString>
	<StringID>com.fmi.calculation.text.FBABB0F7A5BA53A31D127979B5118EFB</StringID>
	<SourceText><TAB/><TAB/>[ &quot;border.stroke&quot; ; 2 ; 2 ] ;<CR/></SourceText>
	<TargetText><TAB/><TAB/>[ &quot;border.stroke&quot; ; 2 ; 2 ] ;<CR/></TargetText>
	<Comment>com.fmi.calculation.text._TAB/__TAB/_[ &quot;border.stroke&quot; ; 2 ; 2 ] ;_CR/_</Comment>
</DynamicTemplateString>

<DynamicTemplateString>
	<StringID>com.fmi.calculation.text.FC4FE33E116E262543529128CE09B506</StringID>
	<SourceText><TAB/><TAB/>[ &quot;font.size&quot; ; 12 ; 2 ] ;<CR/></SourceText>
	<TargetText><TAB/><TAB/>[ &quot;font.size&quot; ; 12 ; 2 ] ;<CR/></TargetText>
	<Comment>com.fmi.calculation.text._TAB/__TAB/_[ &quot;font.size&quot; ; 12 ; 2 ] ;_CR/_</Comment>
</DynamicTemplateString>

<DynamicTemplateString>
	<StringID>com.fmi.calculation.text.FD54683CDC641B21B0A7253A663E6FA3</StringID>
	<SourceText>&lt;?xml version=&apos;1.0&apos; encoding=&apos;UTF-8&apos;?&gt;</SourceText>
	<TargetText>&lt;?xml version=&apos;1.0&apos; encoding=&apos;UTF-8&apos;?&gt;</TargetText>
	<Comment>com.fmi.calculation.text.&lt;?xml version=&apos;1.0&apos; encoding=&apos;UTF-8&apos;?&gt;</Comment>
</DynamicTemplateString>

<DynamicTemplateString>
	<StringID>com.fmi.layoutobject.0852503A475B670F4EB743FB69257411</StringID>
	<SourceText>wv_badgeStack_[&lt;^FMXML_AddonInstanceUUID&gt;]</SourceText>
	<TargetText>wv_badgeStack_[&lt;^FMXML_AddonInstanceUUID&gt;]</TargetText>
	<Comment>com.fmi.layoutobject.wv_badgeStack_[&lt;^FMXML_AddonInstanceUUID&gt;]</Comment>
</DynamicTemplateString>

<DynamicTemplateString>
	<StringID>com.fmi.layoutobject.9AD74349743A788C64E503D84DCDE9FE</StringID>
	<SourceText>badgeStack_[&lt;^FMXML_AddonInstanceUUID&gt;]</SourceText>
	<TargetText>badgeStack_[&lt;^FMXML_AddonInstanceUUID&gt;]</TargetText>
	<Comment>com.fmi.layoutobject.badgeStack_[&lt;^FMXML_AddonInstanceUUID&gt;]</Comment>
</DynamicTemplateString>

<DynamicTemplateString>
	<StringID>com.fmi.script.B0D54D9AD97CEC0D43F075DC8D0F6402</StringID>
	<SourceText>setBadgeStack</SourceText>
	<TargetText>setBadgeStack</TargetText>
	<Comment>com.fmi.script.setBadgeStack</Comment>
</DynamicTemplateString>

<DynamicTemplateString>
	<StringID>com.fmi.script.folder.43278D1A7AF88D1510AC2FCEC06E0205</StringID>
	<SourceText>BadgeStack</SourceText>
	<TargetText>BadgeStack</TargetText>
	<Comment>com.fmi.script.folder.BadgeStack</Comment>
</DynamicTemplateString>

<DynamicTemplateString>
	<StringID>com.fmi.scriptstep.text.111839C0417DE18B8CF74F955F50BD29</StringID>
	<SourceText>Dependencies: <TAB/><TAB/>Script Parameter Payload</SourceText>
	<TargetText>Dependencies: <TAB/><TAB/>Script Parameter Payload</TargetText>
	<Comment>com.fmi.scriptstep.text.Dependencies: _TAB/__TAB/_Script Parameter Payload</Comment>
</DynamicTemplateString>

<DynamicTemplateString>
	<StringID>com.fmi.scriptstep.text.28A07D47FA751DC3D23CB1106FC484CD</StringID>
	<SourceText>SET BADGE STACK</SourceText>
	<TargetText>SET BADGE STACK</TargetText>
	<Comment>com.fmi.scriptstep.text.SET BADGE STACK</Comment>
</DynamicTemplateString>

<DynamicTemplateString>
	<StringID>com.fmi.scriptstep.text.2E657D4A040A267E3EB0A0A150840AB8</StringID>
	<SourceText>Compatibility: <TAB/><TAB/>All platforms</SourceText>
	<TargetText>Compatibility: <TAB/><TAB/>All platforms</TargetText>
	<Comment>com.fmi.scriptstep.text.Compatibility: _TAB/__TAB/_All platforms</Comment>
</DynamicTemplateString>

<DynamicTemplateString>
	<StringID>com.fmi.scriptstep.text.6286826D98999B9B94425E8F625C3EF4</StringID>
	<SourceText>Written on 23.04.2025 |  Updated: 00.00.0000  | Valid: Yes  |  By: jonni@me.com</SourceText>
	<TargetText>Written on 23.04.2025 |  Updated: 00.00.0000  | Valid: Yes  |  By: jonni@me.com</TargetText>
	<Comment>com.fmi.scriptstep.text.Written on 23.04.2025 |  Updated: 00.00.0000  | Valid: Yes  |  By: jonni@me.com</Comment>
</DynamicTemplateString>

<DynamicTemplateString>
	<StringID>com.fmi.scriptstep.text.6E93D27030534AD82F0364250B306C64</StringID>
	<SourceText>Subscripts Called: <TAB/>None</SourceText>
	<TargetText>Subscripts Called: <TAB/>None</TargetText>
	<Comment>com.fmi.scriptstep.text.Subscripts Called: _TAB/_None</Comment>
</DynamicTemplateString>

<DynamicTemplateString>
	<StringID>com.fmi.scriptstep.text.ABA09ABEAE968FCB2D7635E45EE3A6A6</StringID>
	<SourceText>Scripts Called: <TAB/><TAB/>None</SourceText>
	<TargetText>Scripts Called: <TAB/><TAB/>None</TargetText>
	<Comment>com.fmi.scriptstep.text.Scripts Called: _TAB/__TAB/_None</Comment>
</DynamicTemplateString>

<DynamicTemplateString>
	<StringID>com.fmi.scriptstep.text.CDFDD882E2FC15C7EB360422FE24AC03</StringID>
	<SourceText>++++++++++++++++++++++++++++++++++++++++++++++++</SourceText>
	<TargetText>++++++++++++++++++++++++++++++++++++++++++++++++</TargetText>
	<Comment>com.fmi.scriptstep.text.++++++++++++++++++++++++++++++++++++++++++++++++</Comment>
</DynamicTemplateString>

<DynamicTemplateString>
	<StringID>com.fmi.scriptstep.text.DB6FC205560A94B5BB19A940BF1CC373</StringID>
	<SourceText>// For FileMaker 20 and below use 0, 1, 2 etc for array index instead of + and : in array<CR/><CR/>JSONSetElement ( &quot;&quot; ; <CR/><CR/><TAB/>[ &quot;targetWebViewer&quot; ; &quot;wv_badgeStack_[&lt;^FMXML_AddonInstanceUUID&gt;]&quot; ; 1 ] ;<CR/><CR/><TAB/>[ &quot;width&quot; ; GetLayoutObjectAttribute ( &quot;wv_badgeStack_[&lt;^FMXML_AddonInstanceUUID&gt;]&quot; ; &quot;width&quot; ) ; 2 ] ;<CR/><TAB/>[ &quot;height&quot; ; GetLayoutObjectAttribute ( &quot;wv_badgeStack_[&lt;^FMXML_AddonInstanceUUID&gt;]&quot; ; &quot;height&quot; ) ; 2 ] ;<CR/><TAB/><CR/><TAB/>[ &quot;defaultArray.radius&quot; ; 16 ; 2 ] ;<CR/><TAB/>[ &quot;defaultArray.font.size&quot; ; 12 ; 2 ] ;<CR/><TAB/>[ &quot;defaultArray.font.weight&quot; ; &quot;bold&quot; ; 1 ] ;<CR/><TAB/>[ &quot;defaultArray.font.name&quot; ; &quot;Helvetica Neue&quot; ; 1 ] ;<CR/><TAB/>[ &quot;defaultArray.spacing.overlap&quot; ; 6 ; 2 ] ;<CR/><TAB/>[ &quot;defaultArray.border.stroke&quot; ; 2 ; 2 ] ;<CR/><TAB/>[ &quot;defaultArray.border.color&quot; ; &quot;#FFFFFF&quot; ; 1 ] ;<CR/><TAB/>[ &quot;defaultArray.background.fill&quot; ; &quot;#FFFFFF&quot; ; 1 ] ;<CR/><CR/><TAB/>[ &quot;badgeArray.badge[+]text&quot; ; &quot;MR&quot; ; 1 ] ;<CR/><TAB/>[ &quot;badgeArray.badge[:]color.background&quot; ; &quot;#F4511E&quot; ; 1 ] ;<CR/><TAB/>[ &quot;badgeArray.badge[:]color.text&quot; ; &quot;#FFFFFF&quot; ; 1 ] ;<CR/><CR/><TAB/>[ &quot;badgeArray.badge[+]text&quot; ; &quot;J&quot; ; 1 ] ;<CR/><TAB/>[ &quot;badgeArray.badge[:]color.background&quot; ; &quot;#4285F4&quot; ; 1 ] ;<CR/><TAB/>[ &quot;badgeArray.badge[:]color.text&quot; ; &quot;#FFFFFF&quot; ; 1 ] <CR/><CR/>)</SourceText>
	<TargetText>// For FileMaker 20 and below use 0, 1, 2 etc for array index instead of + and : in array<CR/><CR/>JSONSetElement ( &quot;&quot; ; <CR/><CR/><TAB/>[ &quot;targetWebViewer&quot; ; &quot;wv_badgeStack_[&lt;^FMXML_AddonInstanceUUID&gt;]&quot; ; 1 ] ;<CR/><CR/><TAB/>[ &quot;width&quot; ; GetLayoutObjectAttribute ( &quot;wv_badgeStack_[&lt;^FMXML_AddonInstanceUUID&gt;]&quot; ; &quot;width&quot; ) ; 2 ] ;<CR/><TAB/>[ &quot;height&quot; ; GetLayoutObjectAttribute ( &quot;wv_badgeStack_[&lt;^FMXML_AddonInstanceUUID&gt;]&quot; ; &quot;height&quot; ) ; 2 ] ;<CR/><TAB/><CR/><TAB/>[ &quot;defaultArray.radius&quot; ; 16 ; 2 ] ;<CR/><TAB/>[ &quot;defaultArray.font.size&quot; ; 12 ; 2 ] ;<CR/><TAB/>[ &quot;defaultArray.font.weight&quot; ; &quot;bold&quot; ; 1 ] ;<CR/><TAB/>[ &quot;defaultArray.font.name&quot; ; &quot;Helvetica Neue&quot; ; 1 ] ;<CR/><TAB/>[ &quot;defaultArray.spacing.overlap&quot; ; 6 ; 2 ] ;<CR/><TAB/>[ &quot;defaultArray.border.stroke&quot; ; 2 ; 2 ] ;<CR/><TAB/>[ &quot;defaultArray.border.color&quot; ; &quot;#FFFFFF&quot; ; 1 ] ;<CR/><TAB/>[ &quot;defaultArray.background.fill&quot; ; &quot;#FFFFFF&quot; ; 1 ] ;<CR/><CR/><TAB/>[ &quot;badgeArray.badge[+]text&quot; ; &quot;MR&quot; ; 1 ] ;<CR/><TAB/>[ &quot;badgeArray.badge[:]color.background&quot; ; &quot;#F4511E&quot; ; 1 ] ;<CR/><TAB/>[ &quot;badgeArray.badge[:]color.text&quot; ; &quot;#FFFFFF&quot; ; 1 ] ;<CR/><CR/><TAB/>[ &quot;badgeArray.badge[+]text&quot; ; &quot;J&quot; ; 1 ] ;<CR/><TAB/>[ &quot;badgeArray.badge[:]color.background&quot; ; &quot;#4285F4&quot; ; 1 ] ;<CR/><TAB/>[ &quot;badgeArray.badge[:]color.text&quot; ; &quot;#FFFFFF&quot; ; 1 ] <CR/><CR/>)</TargetText>
	<Comment>com.fmi.scriptstep.text.// For FileMaker 20 and below use 0, 1, 2 etc for array index instead of + and : in array_CR/__CR/_JSONSetElement ( &quot;&quot; ; _CR/__CR/__TAB/_[ &quot;targetWebViewer&quot; ; &quot;wv_badgeStack_[&lt;^FMXML_AddonInstanceUUID&gt;]&quot; ; 1 ] ;_CR/__CR/__TAB/_[ &quot;width&quot; ; GetLayoutObjectAttribute ( &quot;wv_badgeStack_[&lt;^FMXML_AddonInstanceUUID&gt;]&quot; ; &quot;width&quot; ) ; 2 ] ;_CR/__TAB/_[ &quot;height&quot; ; GetLayoutObjectAttribute ( &quot;wv_badgeStack_[&lt;^FMXML_AddonInstanceUUID&gt;]&quot; ; &quot;height&quot; ) ; 2 ] ;_CR/__TAB/__CR/__TAB/_[ &quot;defaultArray.radius&quot; ; 16 ; 2 ] ;_CR/__TAB/_[ &quot;defaultArray.font.size&quot; ; 12 ; 2 ] ;_CR/__TAB/_[ &quot;defaultArray.font.weight&quot; ; &quot;bold&quot; ; 1 ] ;_CR/__TAB/_[ &quot;defaultArray.font.name&quot; ; &quot;Helvetica Neue&quot; ; 1 ] ;_CR/__TAB/_[ &quot;defaultArray.spacing.overlap&quot; ; 6 ; 2 ] ;_CR/__TAB/_[ &quot;defaultArray.border.stroke&quot; ; 2 ; 2 ] ;_CR/__TAB/_[ &quot;defaultArray.border.color&quot; ; &quot;#FFFFFF&quot; ; 1 ] ;_CR/__TAB/_[ &quot;defaultArray.background.fill&quot; ; &quot;#FFFFFF&quot; ; 1 ] ;_CR/__CR/__TAB/_[ &quot;badgeArray.badge[+]text&quot; ; &quot;MR&quot; ; 1 ] ;_CR/__TAB/_[ &quot;badgeArray.badge[:]color.background&quot; ; &quot;#F4511E&quot; ; 1 ] ;_CR/__TAB/_[ &quot;badgeArray.badge[:]color.text&quot; ; &quot;#FFFFFF&quot; ; 1 ] ;_CR/__CR/__TAB/_[ &quot;badgeArray.badge[+]text&quot; ; &quot;J&quot; ; 1 ] ;_CR/__TAB/_[ &quot;badgeArray.badge[:]color.background&quot; ; &quot;#4285F4&quot; ; 1 ] ;_CR/__TAB/_[ &quot;badgeArray.badge[:]color.text&quot; ; &quot;#FFFFFF&quot; ; 1 ] _CR/__CR/_)</Comment>
</DynamicTemplateString>

<DynamicTemplateString>
	<StringID>com.fmi.scriptstep.text.E5E7DA68ADF42DBD1605C324DF769F42</StringID>
	<SourceText>Loads a new badge stack into targeted WebViewer</SourceText>
	<TargetText>Loads a new badge stack into targeted WebViewer</TargetText>
	<Comment>com.fmi.scriptstep.text.Loads a new badge stack into targeted WebViewer</Comment>
</DynamicTemplateString>

<DynamicTemplateString>
	<StringID>com.fmi.scriptstep.text.E9F886B04A084FD7228EF2E0BC9822E7</StringID>
	<SourceText>Activation: <TAB/><TAB/><TAB/>User action, script or trigger</SourceText>
	<TargetText>Activation: <TAB/><TAB/><TAB/>User action, script or trigger</TargetText>
	<Comment>com.fmi.scriptstep.text.Activation: _TAB/__TAB/__TAB/_User action, script or trigger</Comment>
</DynamicTemplateString>

<DynamicTemplateString>
	<StringID>com.fmi.scriptstep.text.F8C692C443F93C94F89751BC18D8150A</StringID>
	<SourceText>Expected Payload Syntax</SourceText>
	<TargetText>Expected Payload Syntax</TargetText>
	<Comment>com.fmi.scriptstep.text.Expected Payload Syntax</Comment>
</DynamicTemplateString>
