﻿
<DynamicTemplateString>
	<StringID>com.fmi.calculation.text.02A2439747A52FEAEAAC4D262824D435</StringID>
	<SourceText> colours, borders, and font styles, while inheriting defaults for easy styling. Chips are <CR/></SourceText>
	<TargetText> colours, borders, and font styles, while inheriting defaults for easy styling. Chips are <CR/></TargetText>
	<Comment>com.fmi.calculation.text. colours, borders, and font styles, while inheriting defaults for easy styling. Chips are _CR/_</Comment>
</DynamicTemplateString>

<DynamicTemplateString>
	<StringID>com.fmi.calculation.text.030E4DAA8B3DFC2A297D1C1580E2E649</StringID>
	<SourceText> <TAB/><TAB/>[ &quot;pill[:]color.border&quot; ; &quot;#000000&quot; ; 1 ] ;<CR/></SourceText>
	<TargetText> <TAB/><TAB/>[ &quot;pill[:]color.border&quot; ; &quot;#000000&quot; ; 1 ] ;<CR/></TargetText>
	<Comment>com.fmi.calculation.text. _TAB/__TAB/_[ &quot;pill[:]color.border&quot; ; &quot;#000000&quot; ; 1 ] ;_CR/_</Comment>
</DynamicTemplateString>

<DynamicTemplateString>
	<StringID>com.fmi.calculation.text.06B757F7C901841650F5DFAFE83DD7A4</StringID>
	<SourceText> PILL CLOUD<CR/></SourceText>
	<TargetText> PILL CLOUD<CR/></TargetText>
	<Comment>com.fmi.calculation.text. PILL CLOUD_CR/_</Comment>
</DynamicTemplateString>

<DynamicTemplateString>
	<StringID>com.fmi.calculation.text.07463B522525E4311D461F058AB63FC6</StringID>
	<SourceText>default.margin.horizontal</SourceText>
	<TargetText>default.margin.horizontal</TargetText>
	<Comment>com.fmi.calculation.text.default.margin.horizontal</Comment>
</DynamicTemplateString>

<DynamicTemplateString>
	<StringID>com.fmi.calculation.text.08F692E97E3103D75068E57E507500A1</StringID>
	<SourceText>Pistachio</SourceText>
	<TargetText>Pistachio</TargetText>
	<Comment>com.fmi.calculation.text.Pistachio</Comment>
</DynamicTemplateString>

<DynamicTemplateString>
	<StringID>com.fmi.calculation.text.0C35EC45EA055EBA117ACF3023882A42</StringID>
	<SourceText> <TAB/><TAB/>[ &quot;pill[:]text&quot; ; &quot;Vanilla&quot; ; 1 ] ;<CR/></SourceText>
	<TargetText> <TAB/><TAB/>[ &quot;pill[:]text&quot; ; &quot;Vanilla&quot; ; 1 ] ;<CR/></TargetText>
	<Comment>com.fmi.calculation.text. _TAB/__TAB/_[ &quot;pill[:]text&quot; ; &quot;Vanilla&quot; ; 1 ] ;_CR/_</Comment>
</DynamicTemplateString>

<DynamicTemplateString>
	<StringID>com.fmi.calculation.text.0C6638205DF94C42A900D8B757A04575</StringID>
	<SourceText>default.color.border</SourceText>
	<TargetText>default.color.border</TargetText>
	<Comment>com.fmi.calculation.text.default.color.border</Comment>
</DynamicTemplateString>

<DynamicTemplateString>
	<StringID>com.fmi.calculation.text.0D10CBD14A610F4DC0B09618B33BF228</StringID>
	<SourceText>font.name</SourceText>
	<TargetText>font.name</TargetText>
	<Comment>com.fmi.calculation.text.font.name</Comment>
</DynamicTemplateString>

<DynamicTemplateString>
	<StringID>com.fmi.calculation.text.0DE0A6D3B8312E58C217578F1063B058</StringID>
	<SourceText>pill[+].border.stroke</SourceText>
	<TargetText>pill[+].border.stroke</TargetText>
	<Comment>com.fmi.calculation.text.pill[+].border.stroke</Comment>
</DynamicTemplateString>

<DynamicTemplateString>
	<StringID>com.fmi.calculation.text.0F0DB6EC99EEE52321AE141BF269CA4E</StringID>
	<SourceText>default.padding.horizontal</SourceText>
	<TargetText>default.padding.horizontal</TargetText>
	<Comment>com.fmi.calculation.text.default.padding.horizontal</Comment>
</DynamicTemplateString>

<DynamicTemplateString>
	<StringID>com.fmi.calculation.text.0FB122270860D13374996F21902B49E2</StringID>
	<SourceText>height</SourceText>
	<TargetText>height</TargetText>
	<Comment>com.fmi.calculation.text.height</Comment>
</DynamicTemplateString>

<DynamicTemplateString>
	<StringID>com.fmi.calculation.text.1343E17F49EB75E01DDB2A94F944CDEE</StringID>
	<SourceText>#FFE4E1</SourceText>
	<TargetText>#FFE4E1</TargetText>
	<Comment>com.fmi.calculation.text.#FFE4E1</Comment>
</DynamicTemplateString>

<DynamicTemplateString>
	<StringID>com.fmi.calculation.text.143B72ADB41EF0CFEFAE72DDCEE2DB4A</StringID>
	<SourceText> <TAB/><TAB/>[ &quot;default.radius&quot; ; 5 ; 2 ] <CR/></SourceText>
	<TargetText> <TAB/><TAB/>[ &quot;default.radius&quot; ; 5 ; 2 ] <CR/></TargetText>
	<Comment>com.fmi.calculation.text. _TAB/__TAB/_[ &quot;default.radius&quot; ; 5 ; 2 ] _CR/_</Comment>
</DynamicTemplateString>

<DynamicTemplateString>
	<StringID>com.fmi.calculation.text.1594FBBB1383C282B7FBE7BE055FBEAF</StringID>
	<SourceText> Use example : progressBarSingle ( 400 ; 400 ; $defaultArray ; $pillArray )<CR/></SourceText>
	<TargetText> Use example : progressBarSingle ( 400 ; 400 ; $defaultArray ; $pillArray )<CR/></TargetText>
	<Comment>com.fmi.calculation.text. Use example : progressBarSingle ( 400 ; 400 ; $defaultArray ; $pillArray )_CR/_</Comment>
</DynamicTemplateString>

<DynamicTemplateString>
	<StringID>com.fmi.calculation.text.1BE7A494C547551074C02D097FFC8775</StringID>
	<SourceText>Lemon</SourceText>
	<TargetText>Lemon</TargetText>
	<Comment>com.fmi.calculation.text.Lemon</Comment>
</DynamicTemplateString>

<DynamicTemplateString>
	<StringID>com.fmi.calculation.text.1C8A045A496590F2321581BD9C305C0B</StringID>
	<SourceText>#00CED1</SourceText>
	<TargetText>#00CED1</TargetText>
	<Comment>com.fmi.calculation.text.#00CED1</Comment>
</DynamicTemplateString>

<DynamicTemplateString>
	<StringID>com.fmi.calculation.text.1CE60F620EECCB6FFE41E2E80FA688D8</StringID>
	<SourceText>color.border</SourceText>
	<TargetText>color.border</TargetText>
	<Comment>com.fmi.calculation.text.color.border</Comment>
</DynamicTemplateString>

<DynamicTemplateString>
	<StringID>com.fmi.calculation.text.1FBA182C85165367ED209748B087E74D</StringID>
	<SourceText> <TAB/><TAB/>[ &quot;default.font.name&quot; ; &quot;Helvetica Neue&quot; ; 1 ] ;<CR/></SourceText>
	<TargetText> <TAB/><TAB/>[ &quot;default.font.name&quot; ; &quot;Helvetica Neue&quot; ; 1 ] ;<CR/></TargetText>
	<Comment>com.fmi.calculation.text. _TAB/__TAB/_[ &quot;default.font.name&quot; ; &quot;Helvetica Neue&quot; ; 1 ] ;_CR/_</Comment>
</DynamicTemplateString>

<DynamicTemplateString>
	<StringID>com.fmi.calculation.text.2153428E5E03404DF5AB851DC71472F8</StringID>
	<SourceText>#F5DEB3</SourceText>
	<TargetText>#F5DEB3</TargetText>
	<Comment>com.fmi.calculation.text.#F5DEB3</Comment>
</DynamicTemplateString>

<DynamicTemplateString>
	<StringID>com.fmi.calculation.text.22E5F78A0938349E6B256358501CF181</StringID>
	<SourceText>&lt;text x=&apos;</SourceText>
	<TargetText>&lt;text x=&apos;</TargetText>
	<Comment>com.fmi.calculation.text.&lt;text x=&apos;</Comment>
</DynamicTemplateString>

<DynamicTemplateString>
	<StringID>com.fmi.calculation.text.23FEF185675D52A3D205F98C7C4B705E</StringID>
	<SourceText> <TAB/><TAB/>[ &quot;default.margin.horizontal&quot; ; 15 ; 2 ] ;<CR/></SourceText>
	<TargetText> <TAB/><TAB/>[ &quot;default.margin.horizontal&quot; ; 15 ; 2 ] ;<CR/></TargetText>
	<Comment>com.fmi.calculation.text. _TAB/__TAB/_[ &quot;default.margin.horizontal&quot; ; 15 ; 2 ] ;_CR/_</Comment>
</DynamicTemplateString>

<DynamicTemplateString>
	<StringID>com.fmi.calculation.text.2CCE0274F379F59DFAE406DACFF15395</StringID>
	<SourceText> <CR/></SourceText>
	<TargetText> <CR/></TargetText>
	<Comment>com.fmi.calculation.text. _CR/_</Comment>
</DynamicTemplateString>

<DynamicTemplateString>
	<StringID>com.fmi.calculation.text.2CDD2E2F39E51246AE5F23A51418FC00</StringID>
	<SourceText>&apos; stroke=&apos;</SourceText>
	<TargetText>&apos; stroke=&apos;</TargetText>
	<Comment>com.fmi.calculation.text.&apos; stroke=&apos;</Comment>
</DynamicTemplateString>

<DynamicTemplateString>
	<StringID>com.fmi.calculation.text.2E42EE46F0731FE1940DB6CE835B1D6E</StringID>
	<SourceText>#FFFACD</SourceText>
	<TargetText>#FFFACD</TargetText>
	<Comment>com.fmi.calculation.text.#FFFACD</Comment>
</DynamicTemplateString>

<DynamicTemplateString>
	<StringID>com.fmi.calculation.text.2F42FC9329AFFE93085A85D6500BDBB4</StringID>
	<SourceText>color.background</SourceText>
	<TargetText>color.background</TargetText>
	<Comment>com.fmi.calculation.text.color.background</Comment>
</DynamicTemplateString>

<DynamicTemplateString>
	<StringID>com.fmi.calculation.text.2FCA0B2A04E354ED59F7BEA5FAC84F4D</StringID>
	<SourceText> <TAB/><TAB/>[ &quot;default.padding.horizontal&quot; ; 5 ; 2 ] ;<CR/></SourceText>
	<TargetText> <TAB/><TAB/>[ &quot;default.padding.horizontal&quot; ; 5 ; 2 ] ;<CR/></TargetText>
	<Comment>com.fmi.calculation.text. _TAB/__TAB/_[ &quot;default.padding.horizontal&quot; ; 5 ; 2 ] ;_CR/_</Comment>
</DynamicTemplateString>

<DynamicTemplateString>
	<StringID>com.fmi.calculation.text.302C48CD5DA2BF231B507F8A6CB961E9</StringID>
	<SourceText>default.font.name</SourceText>
	<TargetText>default.font.name</TargetText>
	<Comment>com.fmi.calculation.text.default.font.name</Comment>
</DynamicTemplateString>

<DynamicTemplateString>
	<StringID>com.fmi.calculation.text.31330BE6160A6C29AF91E6D7AD142551</StringID>
	<SourceText>defaultArray</SourceText>
	<TargetText>defaultArray</TargetText>
	<Comment>com.fmi.calculation.text.defaultArray</Comment>
</DynamicTemplateString>

<DynamicTemplateString>
	<StringID>com.fmi.calculation.text.319E5EE09CE8C64C6652E49337BC7126</StringID>
	<SourceText> <TAB/><TAB/>[ &quot;pill[:]color.background&quot; ; &quot;#3E2C23&quot; ; 1 ] ;<CR/></SourceText>
	<TargetText> <TAB/><TAB/>[ &quot;pill[:]color.background&quot; ; &quot;#3E2C23&quot; ; 1 ] ;<CR/></TargetText>
	<Comment>com.fmi.calculation.text. _TAB/__TAB/_[ &quot;pill[:]color.background&quot; ; &quot;#3E2C23&quot; ; 1 ] ;_CR/_</Comment>
</DynamicTemplateString>

<DynamicTemplateString>
	<StringID>com.fmi.calculation.text.31CB8ADF6DD5D4E9CCD0A1DF15886B5B</StringID>
	<SourceText> <TAB/><TAB/>[ &quot;default.font.size&quot; ; 12 ; 2 ] ;<CR/></SourceText>
	<TargetText> <TAB/><TAB/>[ &quot;default.font.size&quot; ; 12 ; 2 ] ;<CR/></TargetText>
	<Comment>com.fmi.calculation.text. _TAB/__TAB/_[ &quot;default.font.size&quot; ; 12 ; 2 ] ;_CR/_</Comment>
</DynamicTemplateString>

<DynamicTemplateString>
	<StringID>com.fmi.calculation.text.353E59F3C37FE1DF47C059F2672A8EF8</StringID>
	<SourceText>pillArray</SourceText>
	<TargetText>pillArray</TargetText>
	<Comment>com.fmi.calculation.text.pillArray</Comment>
</DynamicTemplateString>

<DynamicTemplateString>
	<StringID>com.fmi.calculation.text.35C5D9698D8F0106F1A02F6B340CD78A</StringID>
	<SourceText>Regular</SourceText>
	<TargetText>Regular</TargetText>
	<Comment>com.fmi.calculation.text.Regular</Comment>
</DynamicTemplateString>

<DynamicTemplateString>
	<StringID>com.fmi.calculation.text.38F7FC6983F7B9E1A16C5C452FC3D4C9</StringID>
	<SourceText>maxY</SourceText>
	<TargetText>maxY</TargetText>
	<Comment>com.fmi.calculation.text.maxY</Comment>
</DynamicTemplateString>

<DynamicTemplateString>
	<StringID>com.fmi.calculation.text.39BAC87CD66B4333F9C5148421638601</StringID>
	<SourceText>Grape</SourceText>
	<TargetText>Grape</TargetText>
	<Comment>com.fmi.calculation.text.Grape</Comment>
</DynamicTemplateString>

<DynamicTemplateString>
	<StringID>com.fmi.calculation.text.3D265D8408E0630C9425E0499A87E80F</StringID>
	<SourceText> <TAB/><TAB/>[ &quot;pill[:]font.name&quot; ; &quot;Comic Sans&quot; ; 1 ] ;<CR/></SourceText>
	<TargetText> <TAB/><TAB/>[ &quot;pill[:]font.name&quot; ; &quot;Comic Sans&quot; ; 1 ] ;<CR/></TargetText>
	<Comment>com.fmi.calculation.text. _TAB/__TAB/_[ &quot;pill[:]font.name&quot; ; &quot;Comic Sans&quot; ; 1 ] ;_CR/_</Comment>
</DynamicTemplateString>

<DynamicTemplateString>
	<StringID>com.fmi.calculation.text.3D43BDD0CFD62B0150E2EE7AA0210C4D</StringID>
	<SourceText>Butterscotch</SourceText>
	<TargetText>Butterscotch</TargetText>
	<Comment>com.fmi.calculation.text.Butterscotch</Comment>
</DynamicTemplateString>

<DynamicTemplateString>
	<StringID>com.fmi.calculation.text.4161BF06CC32D086B2B781AA6FAC0E37</StringID>
	<SourceText>&lt;svg xmlns=&apos;http://www.w3.org/2000/svg&apos; width=&apos;</SourceText>
	<TargetText>&lt;svg xmlns=&apos;http://www.w3.org/2000/svg&apos; width=&apos;</TargetText>
	<Comment>com.fmi.calculation.text.&lt;svg xmlns=&apos;http://www.w3.org/2000/svg&apos; width=&apos;</Comment>
</DynamicTemplateString>

<DynamicTemplateString>
	<StringID>com.fmi.calculation.text.4330FF6F969B27D1F509216C8D10036F</StringID>
	<SourceText>#FFC0CB</SourceText>
	<TargetText>#FFC0CB</TargetText>
	<Comment>com.fmi.calculation.text.#FFC0CB</Comment>
</DynamicTemplateString>

<DynamicTemplateString>
	<StringID>com.fmi.calculation.text.4388DE5AEAD904A15791118D8C6AB230</StringID>
	<SourceText>Caramel</SourceText>
	<TargetText>Caramel</TargetText>
	<Comment>com.fmi.calculation.text.Caramel</Comment>
</DynamicTemplateString>

<DynamicTemplateString>
	<StringID>com.fmi.calculation.text.447C260C4D99CE0C19ADFE8078F2E1E3</StringID>
	<SourceText>#D8BFD8</SourceText>
	<TargetText>#D8BFD8</TargetText>
	<Comment>com.fmi.calculation.text.#D8BFD8</Comment>
</DynamicTemplateString>

<DynamicTemplateString>
	<StringID>com.fmi.calculation.text.454DD36B48548B80AA6CFC160CA3AF1A</StringID>
	<SourceText>&apos; fill=&apos;</SourceText>
	<TargetText>&apos; fill=&apos;</TargetText>
	<Comment>com.fmi.calculation.text.&apos; fill=&apos;</Comment>
</DynamicTemplateString>

<DynamicTemplateString>
	<StringID>com.fmi.calculation.text.48C9BB12E3F41D7ED2EC281DDC15687E</StringID>
	<SourceText>default.radius</SourceText>
	<TargetText>default.radius</TargetText>
	<Comment>com.fmi.calculation.text.default.radius</Comment>
</DynamicTemplateString>

<DynamicTemplateString>
	<StringID>com.fmi.calculation.text.490D4E383A5D08BBEF691E8FBA46982D</StringID>
	<SourceText>default.spacing.horizontal</SourceText>
	<TargetText>default.spacing.horizontal</TargetText>
	<Comment>com.fmi.calculation.text.default.spacing.horizontal</Comment>
</DynamicTemplateString>

<DynamicTemplateString>
	<StringID>com.fmi.calculation.text.4F6A728D9AE11FE40463AC741F8A3A30</StringID>
	<SourceText>font.size</SourceText>
	<TargetText>font.size</TargetText>
	<Comment>com.fmi.calculation.text.font.size</Comment>
</DynamicTemplateString>

<DynamicTemplateString>
	<StringID>com.fmi.calculation.text.5057A41E43F32C34D58FEB55A967B317</StringID>
	<SourceText>border.stroke</SourceText>
	<TargetText>border.stroke</TargetText>
	<Comment>com.fmi.calculation.text.border.stroke</Comment>
</DynamicTemplateString>

<DynamicTemplateString>
	<StringID>com.fmi.calculation.text.50C8E212D06251003848BD3ECA5449E1</StringID>
	<SourceText>padding.horizontal</SourceText>
	<TargetText>padding.horizontal</TargetText>
	<Comment>com.fmi.calculation.text.padding.horizontal</Comment>
</DynamicTemplateString>

<DynamicTemplateString>
	<StringID>com.fmi.calculation.text.525D2C7CF9A16EE2B3FFA9ED63BCEFA7</StringID>
	<SourceText>&apos; font-weight=&apos;</SourceText>
	<TargetText>&apos; font-weight=&apos;</TargetText>
	<Comment>com.fmi.calculation.text.&apos; font-weight=&apos;</Comment>
</DynamicTemplateString>

<DynamicTemplateString>
	<StringID>com.fmi.calculation.text.527B5B30E5312AC8C9F88B9D38CEBE1A</StringID>
	<SourceText>spacing.horizontal</SourceText>
	<TargetText>spacing.horizontal</TargetText>
	<Comment>com.fmi.calculation.text.spacing.horizontal</Comment>
</DynamicTemplateString>

<DynamicTemplateString>
	<StringID>com.fmi.calculation.text.58016D7BE48826BF7888E410F9BBDA05</StringID>
	<SourceText>targetWebViewer</SourceText>
	<TargetText>targetWebViewer</TargetText>
	<Comment>com.fmi.calculation.text.targetWebViewer</Comment>
</DynamicTemplateString>

<DynamicTemplateString>
	<StringID>com.fmi.calculation.text.58B28108FB03550D5B3691AC6BAD3A9F</StringID>
	<SourceText>#800080</SourceText>
	<TargetText>#800080</TargetText>
	<Comment>com.fmi.calculation.text.#800080</Comment>
</DynamicTemplateString>

<DynamicTemplateString>
	<StringID>com.fmi.calculation.text.5990722E971E694A9DACB84B1EC67307</StringID>
	<SourceText>#FA8072</SourceText>
	<TargetText>#FA8072</TargetText>
	<Comment>com.fmi.calculation.text.#FA8072</Comment>
</DynamicTemplateString>

<DynamicTemplateString>
	<StringID>com.fmi.calculation.text.5A6BBDEEA0EA6D61A145B426F1C9E659</StringID>
	<SourceText> Web Viewer width and height, making this ideal for flexible tag or category displays inside <CR/></SourceText>
	<TargetText> Web Viewer width and height, making this ideal for flexible tag or category displays inside <CR/></TargetText>
	<Comment>com.fmi.calculation.text. Web Viewer width and height, making this ideal for flexible tag or category displays inside _CR/_</Comment>
</DynamicTemplateString>

<DynamicTemplateString>
	<StringID>com.fmi.calculation.text.5DF961979BCF99311F24F8E976EE5CA0</StringID>
	<SourceText>&apos; y=&apos;</SourceText>
	<TargetText>&apos; y=&apos;</TargetText>
	<Comment>com.fmi.calculation.text.&apos; y=&apos;</Comment>
</DynamicTemplateString>

<DynamicTemplateString>
	<StringID>com.fmi.calculation.text.5EDFA4D3E3C2BF95CFCDD08E8EBECA4C</StringID>
	<SourceText>#F08080</SourceText>
	<TargetText>#F08080</TargetText>
	<Comment>com.fmi.calculation.text.#F08080</Comment>
</DynamicTemplateString>

<DynamicTemplateString>
	<StringID>com.fmi.calculation.text.609456C94CA1E1DAD4D44B4895F10473</StringID>
	<SourceText> <TAB/><TAB/>[ &quot;pill[:]text&quot; ; &quot;Strawberry&quot; ; 1 ] ;<CR/></SourceText>
	<TargetText> <TAB/><TAB/>[ &quot;pill[:]text&quot; ; &quot;Strawberry&quot; ; 1 ] ;<CR/></TargetText>
	<Comment>com.fmi.calculation.text. _TAB/__TAB/_[ &quot;pill[:]text&quot; ; &quot;Strawberry&quot; ; 1 ] ;_CR/_</Comment>
</DynamicTemplateString>

<DynamicTemplateString>
	<StringID>com.fmi.calculation.text.6102479359ECFAA711D0983E9B146C0F</StringID>
	<SourceText>font.weight</SourceText>
	<TargetText>font.weight</TargetText>
	<Comment>com.fmi.calculation.text.font.weight</Comment>
</DynamicTemplateString>

<DynamicTemplateString>
	<StringID>com.fmi.calculation.text.62A5CBB3A83BF1C0F9BF942833703C76</StringID>
	<SourceText>spacing.vertical</SourceText>
	<TargetText>spacing.vertical</TargetText>
	<Comment>com.fmi.calculation.text.spacing.vertical</Comment>
</DynamicTemplateString>

<DynamicTemplateString>
	<StringID>com.fmi.calculation.text.64960457B686BA1B10DE0B727A5E27EC</StringID>
	<SourceText>white</SourceText>
	<TargetText>white</TargetText>
	<Comment>com.fmi.calculation.text.white</Comment>
</DynamicTemplateString>

<DynamicTemplateString>
	<StringID>com.fmi.calculation.text.6521EAEE408E2DB4ABB02DDFCB27F967</StringID>
	<SourceText>pill[:].color.background</SourceText>
	<TargetText>pill[:].color.background</TargetText>
	<Comment>com.fmi.calculation.text.pill[:].color.background</Comment>
</DynamicTemplateString>

<DynamicTemplateString>
	<StringID>com.fmi.calculation.text.67AB2B1D33A3943DFEA1510E3782934F</StringID>
	<SourceText>&apos; ry=&apos;</SourceText>
	<TargetText>&apos; ry=&apos;</TargetText>
	<Comment>com.fmi.calculation.text.&apos; ry=&apos;</Comment>
</DynamicTemplateString>

<DynamicTemplateString>
	<StringID>com.fmi.calculation.text.68C6B72581005CBB8A5501928F5C4EFD</StringID>
	<SourceText> Pill Array Example<CR/></SourceText>
	<TargetText> Pill Array Example<CR/></TargetText>
	<Comment>com.fmi.calculation.text. Pill Array Example_CR/_</Comment>
</DynamicTemplateString>

<DynamicTemplateString>
	<StringID>com.fmi.calculation.text.6940D7687D8A4FC54E201452BFE69F13</StringID>
	<SourceText>#8B4513</SourceText>
	<TargetText>#8B4513</TargetText>
	<Comment>com.fmi.calculation.text.#8B4513</Comment>
</DynamicTemplateString>

<DynamicTemplateString>
	<StringID>com.fmi.calculation.text.69B665035330C70FF3D253E57B5CB816</StringID>
	<SourceText>Watermelon</SourceText>
	<TargetText>Watermelon</TargetText>
	<Comment>com.fmi.calculation.text.Watermelon</Comment>
</DynamicTemplateString>

<DynamicTemplateString>
	<StringID>com.fmi.calculation.text.6DC0E5F276CAFC345FDC54375BCD1C73</StringID>
	<SourceText> Note : See structure and syntax for defaultArray and pillArray below<CR/></SourceText>
	<TargetText> Note : See structure and syntax for defaultArray and pillArray below<CR/></TargetText>
	<Comment>com.fmi.calculation.text. Note : See structure and syntax for defaultArray and pillArray below_CR/_</Comment>
</DynamicTemplateString>

<DynamicTemplateString>
	<StringID>com.fmi.calculation.text.70D5373D3C15BD22230146BEE6FE3B3F</StringID>
	<SourceText> from a JSON configuration, suitable for use in a Web Viewer.<CR/></SourceText>
	<TargetText> from a JSON configuration, suitable for use in a Web Viewer.<CR/></TargetText>
	<Comment>com.fmi.calculation.text. from a JSON configuration, suitable for use in a Web Viewer._CR/_</Comment>
</DynamicTemplateString>

<DynamicTemplateString>
	<StringID>com.fmi.calculation.text.71F242D966CA3FF1190303A45B5E2980</StringID>
	<SourceText>#BC8F8F</SourceText>
	<TargetText>#BC8F8F</TargetText>
	<Comment>com.fmi.calculation.text.#BC8F8F</Comment>
</DynamicTemplateString>

<DynamicTemplateString>
	<StringID>com.fmi.calculation.text.7204D39D05EFB1201B69D169BF8CA0A6</StringID>
	<SourceText>Mocha</SourceText>
	<TargetText>Mocha</TargetText>
	<Comment>com.fmi.calculation.text.Mocha</Comment>
</DynamicTemplateString>

<DynamicTemplateString>
	<StringID>com.fmi.calculation.text.7215D5E8FE615D6D471E8C0A9A3A8660</StringID>
	<SourceText>default.color.fill</SourceText>
	<TargetText>default.color.fill</TargetText>
	<Comment>com.fmi.calculation.text.default.color.fill</Comment>
</DynamicTemplateString>

<DynamicTemplateString>
	<StringID>com.fmi.calculation.text.746210A570830477B3E71C82D016DA0A</StringID>
	<SourceText> Function Name : pillCloud<CR/></SourceText>
	<TargetText> Function Name : pillCloud<CR/></TargetText>
	<Comment>com.fmi.calculation.text. Function Name : pillCloud_CR/_</Comment>
</DynamicTemplateString>

<DynamicTemplateString>
	<StringID>com.fmi.calculation.text.7578C5832FE9781B9F5CB5AA3BDECA67</StringID>
	<SourceText> <TAB/><TAB/>[ &quot;default.color.fill&quot; ; &quot;#FFFFFF&quot; ; 1 ] ;<CR/></SourceText>
	<TargetText> <TAB/><TAB/>[ &quot;default.color.fill&quot; ; &quot;#FFFFFF&quot; ; 1 ] ;<CR/></TargetText>
	<Comment>com.fmi.calculation.text. _TAB/__TAB/_[ &quot;default.color.fill&quot; ; &quot;#FFFFFF&quot; ; 1 ] ;_CR/_</Comment>
</DynamicTemplateString>

<DynamicTemplateString>
	<StringID>com.fmi.calculation.text.776BAE309A2389EF3A991FE92B0EB10E</StringID>
	<SourceText> <TAB/><TAB/>[ &quot;pill[+]border.stroke&quot; ; 0 ; 2 ] ;<CR/></SourceText>
	<TargetText> <TAB/><TAB/>[ &quot;pill[+]border.stroke&quot; ; 0 ; 2 ] ;<CR/></TargetText>
	<Comment>com.fmi.calculation.text. _TAB/__TAB/_[ &quot;pill[+]border.stroke&quot; ; 0 ; 2 ] ;_CR/_</Comment>
</DynamicTemplateString>

<DynamicTemplateString>
	<StringID>com.fmi.calculation.text.7897E6C773CCBC51D6EDC0B493D80BB2</StringID>
	<SourceText> <TAB/><TAB/>[ &quot;default.color.background&quot; ; &quot;#FFFFFF&quot; ; 1 ] ;<CR/></SourceText>
	<TargetText> <TAB/><TAB/>[ &quot;default.color.background&quot; ; &quot;#FFFFFF&quot; ; 1 ] ;<CR/></TargetText>
	<Comment>com.fmi.calculation.text. _TAB/__TAB/_[ &quot;default.color.background&quot; ; &quot;#FFFFFF&quot; ; 1 ] ;_CR/_</Comment>
</DynamicTemplateString>

<DynamicTemplateString>
	<StringID>com.fmi.calculation.text.78F397C2ABD46319BC43276CA5134D0E</StringID>
	<SourceText>#D2691E</SourceText>
	<TargetText>#D2691E</TargetText>
	<Comment>com.fmi.calculation.text.#D2691E</Comment>
</DynamicTemplateString>

<DynamicTemplateString>
	<StringID>com.fmi.calculation.text.7974275622EE4C3A0C8D0FF380108458</StringID>
	<SourceText> <TAB/><TAB/>[ &quot;pill[:]ont.color&quot; ; &quot;white&quot; ; 1 ] <CR/></SourceText>
	<TargetText> <TAB/><TAB/>[ &quot;pill[:]ont.color&quot; ; &quot;white&quot; ; 1 ] <CR/></TargetText>
	<Comment>com.fmi.calculation.text. _TAB/__TAB/_[ &quot;pill[:]ont.color&quot; ; &quot;white&quot; ; 1 ] _CR/_</Comment>
</DynamicTemplateString>

<DynamicTemplateString>
	<StringID>com.fmi.calculation.text.79DAFBA321E8084042069E25AD389EF2</StringID>
	<SourceText>&lt;/svg&gt;</SourceText>
	<TargetText>&lt;/svg&gt;</TargetText>
	<Comment>com.fmi.calculation.text.&lt;/svg&gt;</Comment>
</DynamicTemplateString>

<DynamicTemplateString>
	<StringID>com.fmi.calculation.text.7BDBA5918472A2FA54174985DE2A26B7</StringID>
	<SourceText>wv_pillCloud_[&lt;^FMXML_AddonInstanceUUID&gt;]</SourceText>
	<TargetText>wv_pillCloud_[&lt;^FMXML_AddonInstanceUUID&gt;]</TargetText>
	<Comment>com.fmi.calculation.text.wv_pillCloud_[&lt;^FMXML_AddonInstanceUUID&gt;]</Comment>
</DynamicTemplateString>

<DynamicTemplateString>
	<StringID>com.fmi.calculation.text.7C831DA0233DCC35CBC52C029D5A4ACD</StringID>
	<SourceText>&apos; rx=&apos;</SourceText>
	<TargetText>&apos; rx=&apos;</TargetText>
	<Comment>com.fmi.calculation.text.&apos; rx=&apos;</Comment>
</DynamicTemplateString>

<DynamicTemplateString>
	<StringID>com.fmi.calculation.text.81C2E39FEC3C0D7216BC6463CF84E08F</StringID>
	<SourceText>Banana</SourceText>
	<TargetText>Banana</TargetText>
	<Comment>com.fmi.calculation.text.Banana</Comment>
</DynamicTemplateString>

<DynamicTemplateString>
	<StringID>com.fmi.calculation.text.81DBB097BD91BDD58AC976DAC49C38AF</StringID>
	<SourceText>&apos; height=&apos;</SourceText>
	<TargetText>&apos; height=&apos;</TargetText>
	<Comment>com.fmi.calculation.text.&apos; height=&apos;</Comment>
</DynamicTemplateString>

<DynamicTemplateString>
	<StringID>com.fmi.calculation.text.82A8569DB7B8449BC0661AC577A25B44</StringID>
	<SourceText> <TAB/><TAB/>[ &quot;default.font.weight&quot; ; &quot;Regular&quot; ; 1 ] ;<CR/></SourceText>
	<TargetText> <TAB/><TAB/>[ &quot;default.font.weight&quot; ; &quot;Regular&quot; ; 1 ] ;<CR/></TargetText>
	<Comment>com.fmi.calculation.text. _TAB/__TAB/_[ &quot;default.font.weight&quot; ; &quot;Regular&quot; ; 1 ] ;_CR/_</Comment>
</DynamicTemplateString>

<DynamicTemplateString>
	<StringID>com.fmi.calculation.text.8389869B39EC4802E51A87640F15E10A</StringID>
	<SourceText>Earl Grey</SourceText>
	<TargetText>Earl Grey</TargetText>
	<Comment>com.fmi.calculation.text.Earl Grey</Comment>
</DynamicTemplateString>

<DynamicTemplateString>
	<StringID>com.fmi.calculation.text.83E881595F2B39D76A7DC549A949EC06</StringID>
	<SourceText>#B0E0E6</SourceText>
	<TargetText>#B0E0E6</TargetText>
	<Comment>com.fmi.calculation.text.#B0E0E6</Comment>
</DynamicTemplateString>

<DynamicTemplateString>
	<StringID>com.fmi.calculation.text.8453D211C929E6A2298A7E3B19E6521B</StringID>
	<SourceText>Peach</SourceText>
	<TargetText>Peach</TargetText>
	<Comment>com.fmi.calculation.text.Peach</Comment>
</DynamicTemplateString>

<DynamicTemplateString>
	<StringID>com.fmi.calculation.text.85DAF7AFD2F2F6ADE8EC577B6220B337</StringID>
	<SourceText> FileMaker solutions.<CR/></SourceText>
	<TargetText> FileMaker solutions.<CR/></TargetText>
	<Comment>com.fmi.calculation.text. FileMaker solutions._CR/_</Comment>
</DynamicTemplateString>

<DynamicTemplateString>
	<StringID>com.fmi.calculation.text.87A4CE8F0A0F1AE5B9DD9A1BCA8F7B44</StringID>
	<SourceText>padding.vertical</SourceText>
	<TargetText>padding.vertical</TargetText>
	<Comment>com.fmi.calculation.text.padding.vertical</Comment>
</DynamicTemplateString>

<DynamicTemplateString>
	<StringID>com.fmi.calculation.text.8CD18A87CAB5BE4F4D35B5EB3F4E9149</StringID>
	<SourceText>Blackcurrant</SourceText>
	<TargetText>Blackcurrant</TargetText>
	<Comment>com.fmi.calculation.text.Blackcurrant</Comment>
</DynamicTemplateString>

<DynamicTemplateString>
	<StringID>com.fmi.calculation.text.8D5A37EA414AB5CD18FABAE76C2F1735</StringID>
	<SourceText>Vanilla</SourceText>
	<TargetText>Vanilla</TargetText>
	<Comment>com.fmi.calculation.text.Vanilla</Comment>
</DynamicTemplateString>

<DynamicTemplateString>
	<StringID>com.fmi.calculation.text.8E8ECC0F5A2AAEE78F44ED94350A64B9</StringID>
	<SourceText> <TAB/><TAB/>[ &quot;pill[+]border.stroke&quot; ; 1 ; 2 ] ;<CR/></SourceText>
	<TargetText> <TAB/><TAB/>[ &quot;pill[+]border.stroke&quot; ; 1 ; 2 ] ;<CR/></TargetText>
	<Comment>com.fmi.calculation.text. _TAB/__TAB/_[ &quot;pill[+]border.stroke&quot; ; 1 ; 2 ] ;_CR/_</Comment>
</DynamicTemplateString>

<DynamicTemplateString>
	<StringID>com.fmi.calculation.text.8ED013C0FC63F62FF74A4A7513721343</StringID>
	<SourceText>default.margin.vertical</SourceText>
	<TargetText>default.margin.vertical</TargetText>
	<Comment>com.fmi.calculation.text.default.margin.vertical</Comment>
</DynamicTemplateString>

<DynamicTemplateString>
	<StringID>com.fmi.calculation.text.8F37C0D7D4718500B11C041C924A0368</StringID>
	<SourceText> <TAB/><TAB/>[ &quot;pill[:]font.weight&quot; ; &quot;Bold&quot; ; 1 ] ;<CR/></SourceText>
	<TargetText> <TAB/><TAB/>[ &quot;pill[:]font.weight&quot; ; &quot;Bold&quot; ; 1 ] ;<CR/></TargetText>
	<Comment>com.fmi.calculation.text. _TAB/__TAB/_[ &quot;pill[:]font.weight&quot; ; &quot;Bold&quot; ; 1 ] ;_CR/_</Comment>
</DynamicTemplateString>

<DynamicTemplateString>
	<StringID>com.fmi.calculation.text.9116BEE8C877EAFAAD658006591B3475</StringID>
	<SourceText> Generate SVG pills<CR/></SourceText>
	<TargetText> Generate SVG pills<CR/></TargetText>
	<Comment>com.fmi.calculation.text. Generate SVG pills_CR/_</Comment>
</DynamicTemplateString>

<DynamicTemplateString>
	<StringID>com.fmi.calculation.text.91DE7882A69985D0C9267629530CCD86</StringID>
	<SourceText> <TAB/><TAB/>[ &quot;default.spacing.horizontal&quot; ; 7 ; 2 ] ;<CR/></SourceText>
	<TargetText> <TAB/><TAB/>[ &quot;default.spacing.horizontal&quot; ; 7 ; 2 ] ;<CR/></TargetText>
	<Comment>com.fmi.calculation.text. _TAB/__TAB/_[ &quot;default.spacing.horizontal&quot; ; 7 ; 2 ] ;_CR/_</Comment>
</DynamicTemplateString>

<DynamicTemplateString>
	<StringID>com.fmi.calculation.text.9286618FE0B2C104A3FBBEC4C6CD20A4</StringID>
	<SourceText> </SourceText>
	<TargetText> </TargetText>
	<Comment>com.fmi.calculation.text.</Comment>
</DynamicTemplateString>

<DynamicTemplateString>
	<StringID>com.fmi.calculation.text.947BC925CE3A375032508454C9C19105</StringID>
	<SourceText> <TAB/><TAB/>[ &quot;pill[:]color.background&quot; ; &quot;#F5DEB3&quot; ; 1 ] ;<CR/></SourceText>
	<TargetText> <TAB/><TAB/>[ &quot;pill[:]color.background&quot; ; &quot;#F5DEB3&quot; ; 1 ] ;<CR/></TargetText>
	<Comment>com.fmi.calculation.text. _TAB/__TAB/_[ &quot;pill[:]color.background&quot; ; &quot;#F5DEB3&quot; ; 1 ] ;_CR/_</Comment>
</DynamicTemplateString>

<DynamicTemplateString>
	<StringID>com.fmi.calculation.text.9482A109D3D113F0CBF6DCF288BA659A</StringID>
	<SourceText>color.fill</SourceText>
	<TargetText>color.fill</TargetText>
	<Comment>com.fmi.calculation.text.color.fill</Comment>
</DynamicTemplateString>

<DynamicTemplateString>
	<StringID>com.fmi.calculation.text.967B3F0BD49D238FE9129FDBF3C2821A</StringID>
	<SourceText>&apos; viewBox=&apos;0 0 </SourceText>
	<TargetText>&apos; viewBox=&apos;0 0 </TargetText>
	<Comment>com.fmi.calculation.text.&apos; viewBox=&apos;0 0</Comment>
</DynamicTemplateString>

<DynamicTemplateString>
	<StringID>com.fmi.calculation.text.9B13934F87F7274AA0D463920C570EAA</StringID>
	<SourceText> <TAB/><CR/></SourceText>
	<TargetText> <TAB/><CR/></TargetText>
	<Comment>com.fmi.calculation.text. _TAB/__CR/_</Comment>
</DynamicTemplateString>

<DynamicTemplateString>
	<StringID>com.fmi.calculation.text.9B6343FB883FD5D5E685409C5A03C8AA</StringID>
	<SourceText>margin.vertical</SourceText>
	<TargetText>margin.vertical</TargetText>
	<Comment>com.fmi.calculation.text.margin.vertical</Comment>
</DynamicTemplateString>

<DynamicTemplateString>
	<StringID>com.fmi.calculation.text.9B993275173553EE696E2BF22B935597</StringID>
	<SourceText>default.spacing.vertical</SourceText>
	<TargetText>default.spacing.vertical</TargetText>
	<Comment>com.fmi.calculation.text.default.spacing.vertical</Comment>
</DynamicTemplateString>

<DynamicTemplateString>
	<StringID>com.fmi.calculation.text.9EA60519DFE8AFEE878A57E1084A3143</StringID>
	<SourceText>svg</SourceText>
	<TargetText>svg</TargetText>
	<Comment>com.fmi.calculation.text.svg</Comment>
</DynamicTemplateString>

<DynamicTemplateString>
	<StringID>com.fmi.calculation.text.9F79463C38B489F7D04DACA515E0ABA5</StringID>
	<SourceText>font.color</SourceText>
	<TargetText>font.color</TargetText>
	<Comment>com.fmi.calculation.text.font.color</Comment>
</DynamicTemplateString>

<DynamicTemplateString>
	<StringID>com.fmi.calculation.text.A238CF967B73E6BEB5601066DA31B25A</StringID>
	<SourceText>text</SourceText>
	<TargetText>text</TargetText>
	<Comment>com.fmi.calculation.text.text</Comment>
</DynamicTemplateString>

<DynamicTemplateString>
	<StringID>com.fmi.calculation.text.A433435983B82D5ADD8F87E4505C1FC7</StringID>
	<SourceText>default.font.weight</SourceText>
	<TargetText>default.font.weight</TargetText>
	<Comment>com.fmi.calculation.text.default.font.weight</Comment>
</DynamicTemplateString>

<DynamicTemplateString>
	<StringID>com.fmi.calculation.text.A4916B01C2E6AE3E0A4445A0C4CAA6F5</StringID>
	<SourceText>margin.horizontal</SourceText>
	<TargetText>margin.horizontal</TargetText>
	<Comment>com.fmi.calculation.text.margin.horizontal</Comment>
</DynamicTemplateString>

<DynamicTemplateString>
	<StringID>com.fmi.calculation.text.A4CC714EBD2BE0445ED92E6526AD6BCE</StringID>
	<SourceText>Rose</SourceText>
	<TargetText>Rose</TargetText>
	<Comment>com.fmi.calculation.text.Rose</Comment>
</DynamicTemplateString>

<DynamicTemplateString>
	<StringID>com.fmi.calculation.text.A5378E2C484B881020F9C38E4F2F008F</StringID>
	<SourceText> This function builds a dynamic, multi-line set of pill-shaped chips using SVG, based on a <CR/></SourceText>
	<TargetText> This function builds a dynamic, multi-line set of pill-shaped chips using SVG, based on a <CR/></TargetText>
	<Comment>com.fmi.calculation.text. This function builds a dynamic, multi-line set of pill-shaped chips using SVG, based on a _CR/_</Comment>
</DynamicTemplateString>

<DynamicTemplateString>
	<StringID>com.fmi.calculation.text.A5D37F0B2830F037F11F0D5AD94C3121</StringID>
	<SourceText> <TAB/><TAB/>[ &quot;default.margin.vertical&quot; ; 10 ; 2 ] ;<CR/></SourceText>
	<TargetText> <TAB/><TAB/>[ &quot;default.margin.vertical&quot; ; 10 ; 2 ] ;<CR/></TargetText>
	<Comment>com.fmi.calculation.text. _TAB/__TAB/_[ &quot;default.margin.vertical&quot; ; 10 ; 2 ] ;_CR/_</Comment>
</DynamicTemplateString>

<DynamicTemplateString>
	<StringID>com.fmi.calculation.text.A747A86648C7604881D729A712CBC5B7</StringID>
	<SourceText>#98FB98</SourceText>
	<TargetText>#98FB98</TargetText>
	<Comment>com.fmi.calculation.text.#98FB98</Comment>
</DynamicTemplateString>

<DynamicTemplateString>
	<StringID>com.fmi.calculation.text.A885273C8732BD3BA5DBED43BC254411</StringID>
	<SourceText>[</SourceText>
	<TargetText>[</TargetText>
	<Comment>com.fmi.calculation.text.[</Comment>
</DynamicTemplateString>

<DynamicTemplateString>
	<StringID>com.fmi.calculation.text.A924FB4E6C60C3EA964E266B959335C4</StringID>
	<SourceText>Raspberry</SourceText>
	<TargetText>Raspberry</TargetText>
	<Comment>com.fmi.calculation.text.Raspberry</Comment>
</DynamicTemplateString>

<DynamicTemplateString>
	<StringID>com.fmi.calculation.text.A99466FAFC4A66A70C833416D6AD4590</StringID>
	<SourceText>Helvetica Neue</SourceText>
	<TargetText>Helvetica Neue</TargetText>
	<Comment>com.fmi.calculation.text.Helvetica Neue</Comment>
</DynamicTemplateString>

<DynamicTemplateString>
	<StringID>com.fmi.calculation.text.AE4671075E3CE0301009571A5314C713</StringID>
	<SourceText>&apos; width=&apos;</SourceText>
	<TargetText>&apos; width=&apos;</TargetText>
	<Comment>com.fmi.calculation.text.&apos; width=&apos;</Comment>
</DynamicTemplateString>

<DynamicTemplateString>
	<StringID>com.fmi.calculation.text.AF00F351C15C4CFED6996E8722B2DF55</StringID>
	<SourceText>width</SourceText>
	<TargetText>width</TargetText>
	<Comment>com.fmi.calculation.text.width</Comment>
</DynamicTemplateString>

<DynamicTemplateString>
	<StringID>com.fmi.calculation.text.AF9316CD0640464082C71EEA1955D2F4</StringID>
	<SourceText> Wrap if exceeds row<CR/></SourceText>
	<TargetText> Wrap if exceeds row<CR/></TargetText>
	<Comment>com.fmi.calculation.text. Wrap if exceeds row_CR/_</Comment>
</DynamicTemplateString>

<DynamicTemplateString>
	<StringID>com.fmi.calculation.text.B00F3A96761E60F5F3834BAD9D5ABE6F</StringID>
	<SourceText>&apos; text-anchor=&apos;middle&apos; font-family=&apos;</SourceText>
	<TargetText>&apos; text-anchor=&apos;middle&apos; font-family=&apos;</TargetText>
	<Comment>com.fmi.calculation.text.&apos; text-anchor=&apos;middle&apos; font-family=&apos;</Comment>
</DynamicTemplateString>

<DynamicTemplateString>
	<StringID>com.fmi.calculation.text.B47CA35DCA7B44F853BDC380D7FE73B6</StringID>
	<SourceText>#3E2C23</SourceText>
	<TargetText>#3E2C23</TargetText>
	<Comment>com.fmi.calculation.text.#3E2C23</Comment>
</DynamicTemplateString>

<DynamicTemplateString>
	<StringID>com.fmi.calculation.text.B5891D5D31C2D57D8C36A5E1ABEC4147</StringID>
	<SourceText>radius</SourceText>
	<TargetText>radius</TargetText>
	<Comment>com.fmi.calculation.text.radius</Comment>
</DynamicTemplateString>

<DynamicTemplateString>
	<StringID>com.fmi.calculation.text.B709648AF29F632B851DB80AC75E260A</StringID>
	<SourceText>default.border.stroke</SourceText>
	<TargetText>default.border.stroke</TargetText>
	<Comment>com.fmi.calculation.text.default.border.stroke</Comment>
</DynamicTemplateString>

<DynamicTemplateString>
	<StringID>com.fmi.calculation.text.BB5E4DA99FD125B78B546CBC8C7C28D4</StringID>
	<SourceText>Strawberry</SourceText>
	<TargetText>Strawberry</TargetText>
	<Comment>com.fmi.calculation.text.Strawberry</Comment>
</DynamicTemplateString>

<DynamicTemplateString>
	<StringID>com.fmi.calculation.text.BBB71BE88C53A02CCAA1E84677E66289</StringID>
	<SourceText>&apos; /&gt;</SourceText>
	<TargetText>&apos; /&gt;</TargetText>
	<Comment>com.fmi.calculation.text.&apos; /&gt;</Comment>
</DynamicTemplateString>

<DynamicTemplateString>
	<StringID>com.fmi.calculation.text.BD61064EC9159C2D7AE396890DC91768</StringID>
	<SourceText>#DA70D6</SourceText>
	<TargetText>#DA70D6</TargetText>
	<Comment>com.fmi.calculation.text.#DA70D6</Comment>
</DynamicTemplateString>

<DynamicTemplateString>
	<StringID>com.fmi.calculation.text.BE089004107F217FDEF89ABEF848A2B2</StringID>
	<SourceText> BD Link : https://www.briandunning.com/cf/2803<CR/></SourceText>
	<TargetText> BD Link : https://www.briandunning.com/cf/2803<CR/></TargetText>
	<Comment>com.fmi.calculation.text. BD Link : https://www.briandunning.com/cf/2803_CR/_</Comment>
</DynamicTemplateString>

<DynamicTemplateString>
	<StringID>com.fmi.calculation.text.BE0EE0396A8EFAF3988D21927ACFCE49</StringID>
	<SourceText> structured JSON payload. Each chip can display custom text and support individual background <CR/></SourceText>
	<TargetText> structured JSON payload. Each chip can display custom text and support individual background <CR/></TargetText>
	<Comment>com.fmi.calculation.text. structured JSON payload. Each chip can display custom text and support individual background _CR/_</Comment>
</DynamicTemplateString>

<DynamicTemplateString>
	<StringID>com.fmi.calculation.text.BE140AB31D5AA02C8F53F0B7E1222064</StringID>
	<SourceText>Mint</SourceText>
	<TargetText>Mint</TargetText>
	<Comment>com.fmi.calculation.text.Mint</Comment>
</DynamicTemplateString>

<DynamicTemplateString>
	<StringID>com.fmi.calculation.text.C19D5B956F64FBA3F94432FAD0B78444</StringID>
	<SourceText>#FFD700</SourceText>
	<TargetText>#FFD700</TargetText>
	<Comment>com.fmi.calculation.text.#FFD700</Comment>
</DynamicTemplateString>

<DynamicTemplateString>
	<StringID>com.fmi.calculation.text.C7E2D14412EA4095729F600B46713CC9</StringID>
	<SourceText>&lt;rect width=&apos;100%&apos; height=&apos;100%&apos; fill=&apos;</SourceText>
	<TargetText>&lt;rect width=&apos;100%&apos; height=&apos;100%&apos; fill=&apos;</TargetText>
	<Comment>com.fmi.calculation.text.&lt;rect width=&apos;100%&apos; height=&apos;100%&apos; fill=&apos;</Comment>
</DynamicTemplateString>

<DynamicTemplateString>
	<StringID>com.fmi.calculation.text.C90EE444ACF31F959B4BC8E9B36828CA</StringID>
	<SourceText>#FFFFFF</SourceText>
	<TargetText>#FFFFFF</TargetText>
	<Comment>com.fmi.calculation.text.#FFFFFF</Comment>
</DynamicTemplateString>

<DynamicTemplateString>
	<StringID>com.fmi.calculation.text.CA856D505E19747FE53972DB86EDC266</StringID>
	<SourceText> )<CR/></SourceText>
	<TargetText> )<CR/></TargetText>
	<Comment>com.fmi.calculation.text. )_CR/_</Comment>
</DynamicTemplateString>

<DynamicTemplateString>
	<StringID>com.fmi.calculation.text.CB0EA92F7878356D684B75D128ABA594</StringID>
	<SourceText> JSONSetElement ( &quot;&quot; ; <CR/></SourceText>
	<TargetText> JSONSetElement ( &quot;&quot; ; <CR/></TargetText>
	<Comment>com.fmi.calculation.text. JSONSetElement ( &quot;&quot; ; _CR/_</Comment>
</DynamicTemplateString>

<DynamicTemplateString>
	<StringID>com.fmi.calculation.text.CB77A5379E82A0D0A8FD4007CBC616F9</StringID>
	<SourceText> automatically laid out horizontally and wrapped onto multiple lines based on the specified <CR/></SourceText>
	<TargetText> automatically laid out horizontally and wrapped onto multiple lines based on the specified <CR/></TargetText>
	<Comment>com.fmi.calculation.text. automatically laid out horizontally and wrapped onto multiple lines based on the specified _CR/_</Comment>
</DynamicTemplateString>

<DynamicTemplateString>
	<StringID>com.fmi.calculation.text.CB7A68C052A68EB1007EF58A3D7CB772</StringID>
	<SourceText>&apos;&gt;</SourceText>
	<TargetText>&apos;&gt;</TargetText>
	<Comment>com.fmi.calculation.text.&apos;&gt;</Comment>
</DynamicTemplateString>

<DynamicTemplateString>
	<StringID>com.fmi.calculation.text.CB801375C465FEC09AF4F9ACEBF474FC</StringID>
	<SourceText> GitHub : https://github.com/roxytheman/fmCustomFunctions/blob/50d010f9885f7ae18e5ad4327545e5ac5912a929/functions/pillCloud.fmfn<CR/></SourceText>
	<TargetText> GitHub : https://github.com/roxytheman/fmCustomFunctions/blob/50d010f9885f7ae18e5ad4327545e5ac5912a929/functions/pillCloud.fmfn<CR/></TargetText>
	<Comment>com.fmi.calculation.text. GitHub : https://github.com/roxytheman/fmCustomFunctions/blob/50d010f9885f7ae18e5ad4327545e5ac5912a929/functions/pillCloud.fmfn_CR/_</Comment>
</DynamicTemplateString>

<DynamicTemplateString>
	<StringID>com.fmi.calculation.text.CBBD1B324807C5DD470B02C56EA24320</StringID>
	<SourceText>default.font.size</SourceText>
	<TargetText>default.font.size</TargetText>
	<Comment>com.fmi.calculation.text.default.font.size</Comment>
</DynamicTemplateString>

<DynamicTemplateString>
	<StringID>com.fmi.calculation.text.CDF2272932810A811B03A6EC3BDE90BF</StringID>
	<SourceText>data:image/svg+xml;utf8,</SourceText>
	<TargetText>data:image/svg+xml;utf8,</TargetText>
	<Comment>com.fmi.calculation.text.data:image/svg+xml;utf8,</Comment>
</DynamicTemplateString>

<DynamicTemplateString>
	<StringID>com.fmi.calculation.text.CEA2FE44D0A48CA3302825D5FA4DC550</StringID>
	<SourceText> <TAB/><TAB/>[ &quot;pill[:]color.background&quot; ; &quot;#FFC0CB&quot; ; 1 ] ;<CR/></SourceText>
	<TargetText> <TAB/><TAB/>[ &quot;pill[:]color.background&quot; ; &quot;#FFC0CB&quot; ; 1 ] ;<CR/></TargetText>
	<Comment>com.fmi.calculation.text. _TAB/__TAB/_[ &quot;pill[:]color.background&quot; ; &quot;#FFC0CB&quot; ; 1 ] ;_CR/_</Comment>
</DynamicTemplateString>

<DynamicTemplateString>
	<StringID>com.fmi.calculation.text.D0393F39CD9C4C4BA85511D03B8CDE1C</StringID>
	<SourceText> Written by: jonni@me.com<CR/></SourceText>
	<TargetText> Written by: jonni@me.com<CR/></TargetText>
	<Comment>com.fmi.calculation.text. Written by: jonni@me.com_CR/_</Comment>
</DynamicTemplateString>

<DynamicTemplateString>
	<StringID>com.fmi.calculation.text.D0959FFFDC54F52BFDF1B2EABD959C00</StringID>
	<SourceText> Parameters : width ; height ; defaultArray ; pillArray<CR/></SourceText>
	<TargetText> Parameters : width ; height ; defaultArray ; pillArray<CR/></TargetText>
	<Comment>com.fmi.calculation.text. Parameters : width ; height ; defaultArray ; pillArray_CR/_</Comment>
</DynamicTemplateString>

<DynamicTemplateString>
	<StringID>com.fmi.calculation.text.D2918669B00848E1840700468A9894D0</StringID>
	<SourceText>Chocolate</SourceText>
	<TargetText>Chocolate</TargetText>
	<Comment>com.fmi.calculation.text.Chocolate</Comment>
</DynamicTemplateString>

<DynamicTemplateString>
	<StringID>com.fmi.calculation.text.D368224758B103B0BB2EFF5175339335</StringID>
	<SourceText>]</SourceText>
	<TargetText>]</TargetText>
	<Comment>com.fmi.calculation.text.]</Comment>
</DynamicTemplateString>

<DynamicTemplateString>
	<StringID>com.fmi.calculation.text.D40C6A61C2DB3AD5A913920B9240F7A7</StringID>
	<SourceText>#F4A460</SourceText>
	<TargetText>#F4A460</TargetText>
	<Comment>com.fmi.calculation.text.#F4A460</Comment>
</DynamicTemplateString>

<DynamicTemplateString>
	<StringID>com.fmi.calculation.text.D60970D5BCE5DD050323DF46EC0652A4</StringID>
	<SourceText>pill[:].text</SourceText>
	<TargetText>pill[:].text</TargetText>
	<Comment>com.fmi.calculation.text.pill[:].text</Comment>
</DynamicTemplateString>

<DynamicTemplateString>
	<StringID>com.fmi.calculation.text.D6447B72F28E26F3C58C5C593BFB927C</StringID>
	<SourceText>&apos; font-size=&apos;</SourceText>
	<TargetText>&apos; font-size=&apos;</TargetText>
	<Comment>com.fmi.calculation.text.&apos; font-size=&apos;</Comment>
</DynamicTemplateString>

<DynamicTemplateString>
	<StringID>com.fmi.calculation.text.D64BA8EC6F9E5D21A23729280821DB8F</StringID>
	<SourceText>black</SourceText>
	<TargetText>black</TargetText>
	<Comment>com.fmi.calculation.text.black</Comment>
</DynamicTemplateString>

<DynamicTemplateString>
	<StringID>com.fmi.calculation.text.D7B6408B329597D9BF405AEBA5F240A8</StringID>
	<SourceText>Coffee</SourceText>
	<TargetText>Coffee</TargetText>
	<Comment>com.fmi.calculation.text.Coffee</Comment>
</DynamicTemplateString>

<DynamicTemplateString>
	<StringID>com.fmi.calculation.text.D8BA33161DE526DC8A5D7B91CA620F3D</StringID>
	<SourceText>default.padding.vertical</SourceText>
	<TargetText>default.padding.vertical</TargetText>
	<Comment>com.fmi.calculation.text.default.padding.vertical</Comment>
</DynamicTemplateString>

<DynamicTemplateString>
	<StringID>com.fmi.calculation.text.DA6BF46166C600F92DFD20D8C6AF8E26</StringID>
	<SourceText>#000000</SourceText>
	<TargetText>#000000</TargetText>
	<Comment>com.fmi.calculation.text.#000000</Comment>
</DynamicTemplateString>

<DynamicTemplateString>
	<StringID>com.fmi.calculation.text.DABFD27173C21E478BB227F2E919F378</StringID>
	<SourceText> V 1.0</SourceText>
	<TargetText> V 1.0</TargetText>
	<Comment>com.fmi.calculation.text. V 1.0</Comment>
</DynamicTemplateString>

<DynamicTemplateString>
	<StringID>com.fmi.calculation.text.DC5E2E2F09231214B266641C1FF24DD7</StringID>
	<SourceText> <TAB/><TAB/>[ &quot;default.color.border&quot; ; &quot;#000000&quot; ; 1 ] ;<CR/></SourceText>
	<TargetText> <TAB/><TAB/>[ &quot;default.color.border&quot; ; &quot;#000000&quot; ; 1 ] ;<CR/></TargetText>
	<Comment>com.fmi.calculation.text. _TAB/__TAB/_[ &quot;default.color.border&quot; ; &quot;#000000&quot; ; 1 ] ;_CR/_</Comment>
</DynamicTemplateString>

<DynamicTemplateString>
	<StringID>com.fmi.calculation.text.DD3EA4842FD07806085C6CEF283562CF</StringID>
	<SourceText>default.color.background</SourceText>
	<TargetText>default.color.background</TargetText>
	<Comment>com.fmi.calculation.text.default.color.background</Comment>
</DynamicTemplateString>

<DynamicTemplateString>
	<StringID>com.fmi.calculation.text.DE4C44AD1F9D95C2CCFCE127ACF3098A</StringID>
	<SourceText> <TAB/><TAB/>[ &quot;default.border.stroke&quot; ; 1 ; 2 ] ;<CR/></SourceText>
	<TargetText> <TAB/><TAB/>[ &quot;default.border.stroke&quot; ; 1 ; 2 ] ;<CR/></TargetText>
	<Comment>com.fmi.calculation.text. _TAB/__TAB/_[ &quot;default.border.stroke&quot; ; 1 ; 2 ] ;_CR/_</Comment>
</DynamicTemplateString>

<DynamicTemplateString>
	<StringID>com.fmi.calculation.text.DE67040AF10DD22FAF858490E298E7E4</StringID>
	<SourceText> <TAB/><TAB/>[ &quot;pill[:]font.size&quot; ; 14 ; 2 ] ;<CR/></SourceText>
	<TargetText> <TAB/><TAB/>[ &quot;pill[:]font.size&quot; ; 14 ; 2 ] ;<CR/></TargetText>
	<Comment>com.fmi.calculation.text. _TAB/__TAB/_[ &quot;pill[:]font.size&quot; ; 14 ; 2 ] ;_CR/_</Comment>
</DynamicTemplateString>

<DynamicTemplateString>
	<StringID>com.fmi.calculation.text.DFECE5B6D806D81CFF9759B4B55BB258</StringID>
	<SourceText> <TAB/><TAB/>[ &quot;default.padding.vertical&quot; ; 5 ; 2 ] ;<CR/></SourceText>
	<TargetText> <TAB/><TAB/>[ &quot;default.padding.vertical&quot; ; 5 ; 2 ] ;<CR/></TargetText>
	<Comment>com.fmi.calculation.text. _TAB/__TAB/_[ &quot;default.padding.vertical&quot; ; 5 ; 2 ] ;_CR/_</Comment>
</DynamicTemplateString>

<DynamicTemplateString>
	<StringID>com.fmi.calculation.text.E06B492338E8AE407A6714EE3BFC9FC7</StringID>
	<SourceText> <TAB/><TAB/>[ &quot;default.spacing.vertical&quot; ; 7 ; 2 ] ;<CR/></SourceText>
	<TargetText> <TAB/><TAB/>[ &quot;default.spacing.vertical&quot; ; 7 ; 2 ] ;<CR/></TargetText>
	<Comment>com.fmi.calculation.text. _TAB/__TAB/_[ &quot;default.spacing.vertical&quot; ; 7 ; 2 ] ;_CR/_</Comment>
</DynamicTemplateString>

<DynamicTemplateString>
	<StringID>com.fmi.calculation.text.E14F5C99FA841A510BDA081C954445C6</StringID>
	<SourceText> Generates a responsive SVG-based group of pill-shaped chips <CR/></SourceText>
	<TargetText> Generates a responsive SVG-based group of pill-shaped chips <CR/></TargetText>
	<Comment>com.fmi.calculation.text. Generates a responsive SVG-based group of pill-shaped chips _CR/_</Comment>
</DynamicTemplateString>

<DynamicTemplateString>
	<StringID>com.fmi.calculation.text.E211737A5DE9120BF4C6C5E39FB3F92A</StringID>
	<SourceText> Default Array Example<CR/></SourceText>
	<TargetText> Default Array Example<CR/></TargetText>
	<Comment>com.fmi.calculation.text. Default Array Example_CR/_</Comment>
</DynamicTemplateString>

<DynamicTemplateString>
	<StringID>com.fmi.calculation.text.E5E4F933C80E03DE02C93EF0AB8B8379</StringID>
	<SourceText>&lt;rect x=&apos;</SourceText>
	<TargetText>&lt;rect x=&apos;</TargetText>
	<Comment>com.fmi.calculation.text.&lt;rect x=&apos;</Comment>
</DynamicTemplateString>

<DynamicTemplateString>
	<StringID>com.fmi.calculation.text.E67DB2D51A83C089D769CCEDF904698E</StringID>
	<SourceText>#708090</SourceText>
	<TargetText>#708090</TargetText>
	<Comment>com.fmi.calculation.text.#708090</Comment>
</DynamicTemplateString>

<DynamicTemplateString>
	<StringID>com.fmi.calculation.text.E94E3FFF1D578572AA2C0D0DBEE6F590</StringID>
	<SourceText> Defaults<CR/></SourceText>
	<TargetText> Defaults<CR/></TargetText>
	<Comment>com.fmi.calculation.text. Defaults_CR/_</Comment>
</DynamicTemplateString>

<DynamicTemplateString>
	<StringID>com.fmi.calculation.text.E98AB67A2B6C341BC626C48006E9C44B</StringID>
	<SourceText>Blue Moon</SourceText>
	<TargetText>Blue Moon</TargetText>
	<Comment>com.fmi.calculation.text.Blue Moon</Comment>
</DynamicTemplateString>

<DynamicTemplateString>
	<StringID>com.fmi.calculation.text.ED50F0DDE7106D2662A388DC262863AE</StringID>
	<SourceText>&apos; stroke-width=&apos;</SourceText>
	<TargetText>&apos; stroke-width=&apos;</TargetText>
	<Comment>com.fmi.calculation.text.&apos; stroke-width=&apos;</Comment>
</DynamicTemplateString>

<DynamicTemplateString>
	<StringID>com.fmi.calculation.text.EDDED0B6F8300C71F631A9401900F88B</StringID>
	<SourceText>&lt;/text&gt;</SourceText>
	<TargetText>&lt;/text&gt;</TargetText>
	<Comment>com.fmi.calculation.text.&lt;/text&gt;</Comment>
</DynamicTemplateString>

<DynamicTemplateString>
	<StringID>com.fmi.calculation.text.EECE2E542B0CDCE586A27B7931BA8BF0</StringID>
	<SourceText>¶</SourceText>
	<TargetText>¶</TargetText>
	<Comment>com.fmi.calculation.text.¶</Comment>
</DynamicTemplateString>

<DynamicTemplateString>
	<StringID>com.fmi.calculation.text.F0EA926D6636226255BF4FC071B4EC71</StringID>
	<SourceText>default</SourceText>
	<TargetText>default</TargetText>
	<Comment>com.fmi.calculation.text.default</Comment>
</DynamicTemplateString>

<DynamicTemplateString>
	<StringID>com.fmi.calculation.text.F19B1B1DF0B36FAFC247F1D2A1E83D33</StringID>
	<SourceText> <TAB/><TAB/>[ &quot;pill[:]text&quot; ; &quot;Chocolate&quot; ; 1 ] ;<CR/></SourceText>
	<TargetText> <TAB/><TAB/>[ &quot;pill[:]text&quot; ; &quot;Chocolate&quot; ; 1 ] ;<CR/></TargetText>
	<Comment>com.fmi.calculation.text. _TAB/__TAB/_[ &quot;pill[:]text&quot; ; &quot;Chocolate&quot; ; 1 ] ;_CR/_</Comment>
</DynamicTemplateString>

<DynamicTemplateString>
	<StringID>com.fmi.calculation.text.F36A76F8B28114045AED97D0BD97E8B8</StringID>
	<SourceText> Inputs<CR/></SourceText>
	<TargetText> Inputs<CR/></TargetText>
	<Comment>com.fmi.calculation.text. Inputs_CR/_</Comment>
</DynamicTemplateString>

<DynamicTemplateString>
	<StringID>com.fmi.calculation.text.F3DC797A228D2129C34B13D789469CFE</StringID>
	<SourceText>pill</SourceText>
	<TargetText>pill</TargetText>
	<Comment>com.fmi.calculation.text.pill</Comment>
</DynamicTemplateString>

<DynamicTemplateString>
	<StringID>com.fmi.calculation.text.F8B70701379D95C97231A501706BB367</StringID>
	<SourceText>#CD5C5C</SourceText>
	<TargetText>#CD5C5C</TargetText>
	<Comment>com.fmi.calculation.text.#CD5C5C</Comment>
</DynamicTemplateString>

<DynamicTemplateString>
	<StringID>com.fmi.calculation.text.FA07DCC148B9A05063125064D46CDBDE</StringID>
	<SourceText>pill[:]font.color</SourceText>
	<TargetText>pill[:]font.color</TargetText>
	<Comment>com.fmi.calculation.text.pill[:]font.color</Comment>
</DynamicTemplateString>

<DynamicTemplateString>
	<StringID>com.fmi.calculation.text.FB2EBFC73CBC89E2A30321E1B40BBA78</StringID>
	<SourceText>Lavender</SourceText>
	<TargetText>Lavender</TargetText>
	<Comment>com.fmi.calculation.text.Lavender</Comment>
</DynamicTemplateString>

<DynamicTemplateString>
	<StringID>com.fmi.calculation.text.FD54683CDC641B21B0A7253A663E6FA3</StringID>
	<SourceText>&lt;?xml version=&apos;1.0&apos; encoding=&apos;UTF-8&apos;?&gt;</SourceText>
	<TargetText>&lt;?xml version=&apos;1.0&apos; encoding=&apos;UTF-8&apos;?&gt;</TargetText>
	<Comment>com.fmi.calculation.text.&lt;?xml version=&apos;1.0&apos; encoding=&apos;UTF-8&apos;?&gt;</Comment>
</DynamicTemplateString>

<DynamicTemplateString>
	<StringID>com.fmi.layoutobject.7BDBA5918472A2FA54174985DE2A26B7</StringID>
	<SourceText>wv_pillCloud_[&lt;^FMXML_AddonInstanceUUID&gt;]</SourceText>
	<TargetText>wv_pillCloud_[&lt;^FMXML_AddonInstanceUUID&gt;]</TargetText>
	<Comment>com.fmi.layoutobject.wv_pillCloud_[&lt;^FMXML_AddonInstanceUUID&gt;]</Comment>
</DynamicTemplateString>

<DynamicTemplateString>
	<StringID>com.fmi.layoutobject.8CD9D62D32C33C350F2F06DF23DBC0CE</StringID>
	<SourceText>pillCloud_[&lt;^FMXML_AddonInstanceUUID&gt;]</SourceText>
	<TargetText>pillCloud_[&lt;^FMXML_AddonInstanceUUID&gt;]</TargetText>
	<Comment>com.fmi.layoutobject.pillCloud_[&lt;^FMXML_AddonInstanceUUID&gt;]</Comment>
</DynamicTemplateString>

<DynamicTemplateString>
	<StringID>com.fmi.script.9E2924B0C2780D1ED6D45354AD2BD674</StringID>
	<SourceText>setPillCloud</SourceText>
	<TargetText>setPillCloud</TargetText>
	<Comment>com.fmi.script.setPillCloud</Comment>
</DynamicTemplateString>

<DynamicTemplateString>
	<StringID>com.fmi.script.folder.C0684E44E2034BDE23EAB9FE66E6A3E0</StringID>
	<SourceText>PillCloud</SourceText>
	<TargetText>PillCloud</TargetText>
	<Comment>com.fmi.script.folder.PillCloud</Comment>
</DynamicTemplateString>

<DynamicTemplateString>
	<StringID>com.fmi.scriptstep.text.111839C0417DE18B8CF74F955F50BD29</StringID>
	<SourceText>Dependencies: <TAB/><TAB/>Script Parameter Payload</SourceText>
	<TargetText>Dependencies: <TAB/><TAB/>Script Parameter Payload</TargetText>
	<Comment>com.fmi.scriptstep.text.Dependencies: _TAB/__TAB/_Script Parameter Payload</Comment>
</DynamicTemplateString>

<DynamicTemplateString>
	<StringID>com.fmi.scriptstep.text.2E657D4A040A267E3EB0A0A150840AB8</StringID>
	<SourceText>Compatibility: <TAB/><TAB/>All platforms</SourceText>
	<TargetText>Compatibility: <TAB/><TAB/>All platforms</TargetText>
	<Comment>com.fmi.scriptstep.text.Compatibility: _TAB/__TAB/_All platforms</Comment>
</DynamicTemplateString>

<DynamicTemplateString>
	<StringID>com.fmi.scriptstep.text.5E179325F9767E48044727F9A5C3D9E2</StringID>
	<SourceText>Written on 22.04.2025 |  Updated: 00.00.0000  | Valid: Yes  |  By: jonni@me.com</SourceText>
	<TargetText>Written on 22.04.2025 |  Updated: 00.00.0000  | Valid: Yes  |  By: jonni@me.com</TargetText>
	<Comment>com.fmi.scriptstep.text.Written on 22.04.2025 |  Updated: 00.00.0000  | Valid: Yes  |  By: jonni@me.com</Comment>
</DynamicTemplateString>

<DynamicTemplateString>
	<StringID>com.fmi.scriptstep.text.6E93D27030534AD82F0364250B306C64</StringID>
	<SourceText>Subscripts Called: <TAB/>None</SourceText>
	<TargetText>Subscripts Called: <TAB/>None</TargetText>
	<Comment>com.fmi.scriptstep.text.Subscripts Called: _TAB/_None</Comment>
</DynamicTemplateString>

<DynamicTemplateString>
	<StringID>com.fmi.scriptstep.text.6FA49BADD494854AEBCB68396CCFF35F</StringID>
	<SourceText>SET PILL CLOUD</SourceText>
	<TargetText>SET PILL CLOUD</TargetText>
	<Comment>com.fmi.scriptstep.text.SET PILL CLOUD</Comment>
</DynamicTemplateString>

<DynamicTemplateString>
	<StringID>com.fmi.scriptstep.text.94C33ECABAACA44228B2CAD22356907E</StringID>
	<SourceText>Loads pill cloud into targeted WebViewer</SourceText>
	<TargetText>Loads pill cloud into targeted WebViewer</TargetText>
	<Comment>com.fmi.scriptstep.text.Loads pill cloud into targeted WebViewer</Comment>
</DynamicTemplateString>

<DynamicTemplateString>
	<StringID>com.fmi.scriptstep.text.ABA09ABEAE968FCB2D7635E45EE3A6A6</StringID>
	<SourceText>Scripts Called: <TAB/><TAB/>None</SourceText>
	<TargetText>Scripts Called: <TAB/><TAB/>None</TargetText>
	<Comment>com.fmi.scriptstep.text.Scripts Called: _TAB/__TAB/_None</Comment>
</DynamicTemplateString>

<DynamicTemplateString>
	<StringID>com.fmi.scriptstep.text.CDFDD882E2FC15C7EB360422FE24AC03</StringID>
	<SourceText>++++++++++++++++++++++++++++++++++++++++++++++++</SourceText>
	<TargetText>++++++++++++++++++++++++++++++++++++++++++++++++</TargetText>
	<Comment>com.fmi.scriptstep.text.++++++++++++++++++++++++++++++++++++++++++++++++</Comment>
</DynamicTemplateString>

<DynamicTemplateString>
	<StringID>com.fmi.scriptstep.text.D641BD3929E2CCBAD2A44ECE927EC414</StringID>
	<SourceText>// For FileMaker 20 and below use 0, 1, 2 etc for array index instead of + and : in array<CR/><CR/>JSONSetElement ( &quot;&quot; ; <CR/><CR/><TAB/>[ &quot;targetWebViewer&quot; ; &quot;wv_pillCloud_[&lt;^FMXML_AddonInstanceUUID&gt;]&quot; ; 1 ] ;<CR/><TAB/>[ &quot;width&quot; ; GetLayoutObjectAttribute ( &quot;wv_pillCloud_[&lt;^FMXML_AddonInstanceUUID&gt;]&quot; ; &quot;width&quot; ) ; 2 ] ;<CR/><TAB/>[ &quot;height&quot; ; GetLayoutObjectAttribute ( &quot;wv_pillCloud_[&lt;^FMXML_AddonInstanceUUID&gt;]&quot; ; &quot;height&quot; ) ; 2 ] ;<CR/><TAB/><CR/><TAB/>[ &quot;defaultArray.default.border.stroke&quot; ; 1 ; 2 ] ;<CR/><TAB/>[ &quot;defaultArray.default.color.background&quot; ; &quot;#FFFFFF&quot; ; 1 ] ;<CR/><TAB/>[ &quot;defaultArray.default.color.fill&quot; ; &quot;#FFFFFF&quot; ; 1 ] ;<CR/><TAB/>[ &quot;defaultArray.default.color.border&quot; ; &quot;#000000&quot; ; 1 ] ;<CR/><TAB/>[ &quot;defaultArray.default.font.name&quot; ; &quot;Helvetica Neue&quot; ; 1 ] ;<CR/><TAB/>[ &quot;defaultArray.default.font.size&quot; ; 12 ; 2 ] ;<CR/><TAB/>[ &quot;defaultArray.default.font.weight&quot; ; &quot;Regular&quot; ; 1 ] ;<CR/><TAB/>[ &quot;defaultArray.default.margin.horizontal&quot; ; 15 ; 2 ] ;<CR/><TAB/>[ &quot;defaultArray.default.margin.vertical&quot; ; 10 ; 2 ] ;<CR/><TAB/>[ &quot;defaultArray.default.spacing.horizontal&quot; ; 7 ; 2 ] ;<CR/><TAB/>[ &quot;defaultArray.default.spacing.vertical&quot; ; 7 ; 2 ] ;<CR/><TAB/>[ &quot;defaultArray.default.padding.horizontal&quot; ; 5 ; 2 ] ;<CR/><TAB/>[ &quot;defaultArray.default.padding.vertical&quot; ; 5 ; 2 ] ;<CR/><TAB/>[ &quot;defaultArray.default.radius&quot; ; 5 ; 2 ] ;<CR/><CR/><TAB/>[ &quot;pillArray.pill[+].border.stroke&quot; ; 0 ; 2 ] ;<CR/><TAB/>[ &quot;pillArray.pill[:].color.background&quot; ; &quot;#FFC0CB&quot; ; 1 ] ;<CR/><TAB/>[ &quot;pillArray.pill[:].text&quot; ; &quot;Strawberry&quot; ; 1 ] ;<CR/><TAB/>[ &quot;pillArray.pill[+].border.stroke&quot; ; 0 ; 2 ] ;<CR/><TAB/>[ &quot;pillArray.pill[:].color.background&quot; ; &quot;#F5DEB3&quot; ; 1 ] ;<CR/><TAB/>[ &quot;pillArray.pill[:].text&quot; ; &quot;Vanilla&quot; ; 1 ] ;<CR/><TAB/>[ &quot;pillArray.pill[+].border.stroke&quot; ; 0 ; 2 ] ;<CR/><TAB/>[ &quot;pillArray.pill[:].color.background&quot; ; &quot;#3E2C23&quot; ; 1 ] ;<CR/><TAB/>[ &quot;pillArray.pill[:].text&quot; ; &quot;Chocolate&quot; ; 1 ] ;<CR/><TAB/>[ &quot;pillArray.pill[:]font.color&quot; ; &quot;white&quot; ; 1 ] ;<CR/><TAB/>[ &quot;pillArray.pill[+].border.stroke&quot; ; 0 ; 2 ] ;<CR/><TAB/>[ &quot;pillArray.pill[:].color.background&quot; ; &quot;#B0E0E6&quot; ; 1 ] ;<CR/><TAB/>[ &quot;pillArray.pill[:].text&quot; ; &quot;Mint&quot; ; 1 ] ;<CR/><TAB/>[ &quot;pillArray.pill[+].border.stroke&quot; ; 0 ; 2 ] ;<CR/><TAB/>[ &quot;pillArray.pill[:].color.background&quot; ; &quot;#D2691E&quot; ; 1 ] ;<CR/><TAB/>[ &quot;pillArray.pill[:].text&quot; ; &quot;Caramel&quot; ; 1 ] ;<CR/><TAB/>[ &quot;pillArray.pill[+].border.stroke&quot; ; 0 ; 2 ] ;<CR/><TAB/>[ &quot;pillArray.pill[:].color.background&quot; ; &quot;#FFFACD&quot; ; 1 ] ;<CR/><TAB/>[ &quot;pillArray.pill[:].text&quot; ; &quot;Lemon&quot; ; 1 ] ;<CR/><TAB/>[ &quot;pillArray.pill[+].border.stroke&quot; ; 0 ; 2 ] ;<CR/><TAB/>[ &quot;pillArray.pill[:].color.background&quot; ; &quot;#800080&quot; ; 1 ] ;<CR/><TAB/>[ &quot;pillArray.pill[:].text&quot; ; &quot;Blackcurrant&quot; ; 1 ] ;<CR/><TAB/>[ &quot;pillArray.pill[:]font.color&quot; ; &quot;white&quot; ; 1 ] ;<CR/><TAB/>[ &quot;pillArray.pill[+].border.stroke&quot; ; 0 ; 2 ] ;<CR/><TAB/>[ &quot;pillArray.pill[:].color.background&quot; ; &quot;#FA8072&quot; ; 1 ] ;<CR/><TAB/>[ &quot;pillArray.pill[:].text&quot; ; &quot;Peach&quot; ; 1 ] ;<CR/><TAB/>[ &quot;pillArray.pill[+].border.stroke&quot; ; 0 ; 2 ] ;<CR/><TAB/>[ &quot;pillArray.pill[:].color.background&quot; ; &quot;#F4A460&quot; ; 1 ] ;<CR/><TAB/>[ &quot;pillArray.pill[:].text&quot; ; &quot;Butterscotch&quot; ; 1 ] ;<CR/><TAB/>[ &quot;pillArray.pill[+].border.stroke&quot; ; 0 ; 2 ] ;<CR/><TAB/>[ &quot;pillArray.pill[:].color.background&quot; ; &quot;#DA70D6&quot; ; 1 ] ;<CR/><TAB/>[ &quot;pillArray.pill[:].text&quot; ; &quot;Grape&quot; ; 1 ] ;<CR/><TAB/>[ &quot;pillArray.pill[+].border.stroke&quot; ; 0 ; 2 ] ;<CR/><TAB/>[ &quot;pillArray.pill[:].color.background&quot; ; &quot;#FFD700&quot; ; 1 ] ;<CR/><TAB/>[ &quot;pillArray.pill[:].text&quot; ; &quot;Banana&quot; ; 1 ] ;<CR/><TAB/>[ &quot;pillArray.pill[+].border.stroke&quot; ; 0 ; 2 ] ;<CR/><TAB/>[ &quot;pillArray.pill[:].color.background&quot; ; &quot;#CD5C5C&quot; ; 1 ] ;<CR/><TAB/>[ &quot;pillArray.pill[:].text&quot; ; &quot;Raspberry&quot; ; 1 ] ;<CR/><TAB/>[ &quot;pillArray.pill[+].border.stroke&quot; ; 0 ; 2 ] ;<CR/><TAB/>[ &quot;pillArray.pill[:].color.background&quot; ; &quot;#00CED1&quot; ; 1 ] ;<CR/><TAB/>[ &quot;pillArray.pill[:].text&quot; ; &quot;Blue Moon&quot; ; 1 ] ;<CR/><TAB/>[ &quot;pillArray.pill[+].border.stroke&quot; ; 0 ; 2 ] ;<CR/><TAB/>[ &quot;pillArray.pill[:].color.background&quot; ; &quot;#FFE4E1&quot; ; 1 ] ;<CR/><TAB/>[ &quot;pillArray.pill[:].text&quot; ; &quot;Rose&quot; ; 1 ] ;<CR/><TAB/>[ &quot;pillArray.pill[+].border.stroke&quot; ; 0 ; 2 ] ;<CR/><TAB/>[ &quot;pillArray.pill[:].color.background&quot; ; &quot;#708090&quot; ; 1 ] ;<CR/><TAB/>[ &quot;pillArray.pill[:].text&quot; ; &quot;Earl Grey&quot; ; 1 ] ;<CR/><TAB/>[ &quot;pillArray.pill[+].border.stroke&quot; ; 0 ; 2 ] ;<CR/><TAB/>[ &quot;pillArray.pill[:].color.background&quot; ; &quot;#D8BFD8&quot; ; 1 ] ;<CR/><TAB/>[ &quot;pillArray.pill[:].text&quot; ; &quot;Lavender&quot; ; 1 ] ;<CR/><TAB/>[ &quot;pillArray.pill[+].border.stroke&quot; ; 0 ; 2 ] ;<CR/><TAB/>[ &quot;pillArray.pill[:].color.background&quot; ; &quot;#F08080&quot; ; 1 ] ;<CR/><TAB/>[ &quot;pillArray.pill[:].text&quot; ; &quot;Watermelon&quot; ; 1 ] ;<CR/><TAB/>[ &quot;pillArray.pill[+].border.stroke&quot; ; 0 ; 2 ] ;<CR/><TAB/>[ &quot;pillArray.pill[:].color.background&quot; ; &quot;#BC8F8F&quot; ; 1 ] ;<CR/><TAB/>[ &quot;pillArray.pill[:].text&quot; ; &quot;Coffee&quot; ; 1 ] ;<CR/><TAB/>[ &quot;pillArray.pill[+].border.stroke&quot; ; 0 ; 2 ] ;<CR/><TAB/>[ &quot;pillArray.pill[:].color.background&quot; ; &quot;#98FB98&quot; ; 1 ] ;<CR/><TAB/>[ &quot;pillArray.pill[:].text&quot; ; &quot;Pistachio&quot; ; 1 ] ;<CR/><TAB/>[ &quot;pillArray.pill[+].border.stroke&quot; ; 0 ; 2 ] ;<CR/><TAB/>[ &quot;pillArray.pill[:].color.background&quot; ; &quot;#8B4513&quot; ; 1 ] ;<CR/><TAB/>[ &quot;pillArray.pill[:].text&quot; ; &quot;Mocha&quot; ; 1 ] ;<CR/><TAB/>[ &quot;pillArray.pill[:]font.color&quot; ; &quot;white&quot; ; 1 ] <CR/><CR/>)</SourceText>
	<TargetText>// For FileMaker 20 and below use 0, 1, 2 etc for array index instead of + and : in array<CR/><CR/>JSONSetElement ( &quot;&quot; ; <CR/><CR/><TAB/>[ &quot;targetWebViewer&quot; ; &quot;wv_pillCloud_[&lt;^FMXML_AddonInstanceUUID&gt;]&quot; ; 1 ] ;<CR/><TAB/>[ &quot;width&quot; ; GetLayoutObjectAttribute ( &quot;wv_pillCloud_[&lt;^FMXML_AddonInstanceUUID&gt;]&quot; ; &quot;width&quot; ) ; 2 ] ;<CR/><TAB/>[ &quot;height&quot; ; GetLayoutObjectAttribute ( &quot;wv_pillCloud_[&lt;^FMXML_AddonInstanceUUID&gt;]&quot; ; &quot;height&quot; ) ; 2 ] ;<CR/><TAB/><CR/><TAB/>[ &quot;defaultArray.default.border.stroke&quot; ; 1 ; 2 ] ;<CR/><TAB/>[ &quot;defaultArray.default.color.background&quot; ; &quot;#FFFFFF&quot; ; 1 ] ;<CR/><TAB/>[ &quot;defaultArray.default.color.fill&quot; ; &quot;#FFFFFF&quot; ; 1 ] ;<CR/><TAB/>[ &quot;defaultArray.default.color.border&quot; ; &quot;#000000&quot; ; 1 ] ;<CR/><TAB/>[ &quot;defaultArray.default.font.name&quot; ; &quot;Helvetica Neue&quot; ; 1 ] ;<CR/><TAB/>[ &quot;defaultArray.default.font.size&quot; ; 12 ; 2 ] ;<CR/><TAB/>[ &quot;defaultArray.default.font.weight&quot; ; &quot;Regular&quot; ; 1 ] ;<CR/><TAB/>[ &quot;defaultArray.default.margin.horizontal&quot; ; 15 ; 2 ] ;<CR/><TAB/>[ &quot;defaultArray.default.margin.vertical&quot; ; 10 ; 2 ] ;<CR/><TAB/>[ &quot;defaultArray.default.spacing.horizontal&quot; ; 7 ; 2 ] ;<CR/><TAB/>[ &quot;defaultArray.default.spacing.vertical&quot; ; 7 ; 2 ] ;<CR/><TAB/>[ &quot;defaultArray.default.padding.horizontal&quot; ; 5 ; 2 ] ;<CR/><TAB/>[ &quot;defaultArray.default.padding.vertical&quot; ; 5 ; 2 ] ;<CR/><TAB/>[ &quot;defaultArray.default.radius&quot; ; 5 ; 2 ] ;<CR/><CR/><TAB/>[ &quot;pillArray.pill[+].border.stroke&quot; ; 0 ; 2 ] ;<CR/><TAB/>[ &quot;pillArray.pill[:].color.background&quot; ; &quot;#FFC0CB&quot; ; 1 ] ;<CR/><TAB/>[ &quot;pillArray.pill[:].text&quot; ; &quot;Strawberry&quot; ; 1 ] ;<CR/><TAB/>[ &quot;pillArray.pill[+].border.stroke&quot; ; 0 ; 2 ] ;<CR/><TAB/>[ &quot;pillArray.pill[:].color.background&quot; ; &quot;#F5DEB3&quot; ; 1 ] ;<CR/><TAB/>[ &quot;pillArray.pill[:].text&quot; ; &quot;Vanilla&quot; ; 1 ] ;<CR/><TAB/>[ &quot;pillArray.pill[+].border.stroke&quot; ; 0 ; 2 ] ;<CR/><TAB/>[ &quot;pillArray.pill[:].color.background&quot; ; &quot;#3E2C23&quot; ; 1 ] ;<CR/><TAB/>[ &quot;pillArray.pill[:].text&quot; ; &quot;Chocolate&quot; ; 1 ] ;<CR/><TAB/>[ &quot;pillArray.pill[:]font.color&quot; ; &quot;white&quot; ; 1 ] ;<CR/><TAB/>[ &quot;pillArray.pill[+].border.stroke&quot; ; 0 ; 2 ] ;<CR/><TAB/>[ &quot;pillArray.pill[:].color.background&quot; ; &quot;#B0E0E6&quot; ; 1 ] ;<CR/><TAB/>[ &quot;pillArray.pill[:].text&quot; ; &quot;Mint&quot; ; 1 ] ;<CR/><TAB/>[ &quot;pillArray.pill[+].border.stroke&quot; ; 0 ; 2 ] ;<CR/><TAB/>[ &quot;pillArray.pill[:].color.background&quot; ; &quot;#D2691E&quot; ; 1 ] ;<CR/><TAB/>[ &quot;pillArray.pill[:].text&quot; ; &quot;Caramel&quot; ; 1 ] ;<CR/><TAB/>[ &quot;pillArray.pill[+].border.stroke&quot; ; 0 ; 2 ] ;<CR/><TAB/>[ &quot;pillArray.pill[:].color.background&quot; ; &quot;#FFFACD&quot; ; 1 ] ;<CR/><TAB/>[ &quot;pillArray.pill[:].text&quot; ; &quot;Lemon&quot; ; 1 ] ;<CR/><TAB/>[ &quot;pillArray.pill[+].border.stroke&quot; ; 0 ; 2 ] ;<CR/><TAB/>[ &quot;pillArray.pill[:].color.background&quot; ; &quot;#800080&quot; ; 1 ] ;<CR/><TAB/>[ &quot;pillArray.pill[:].text&quot; ; &quot;Blackcurrant&quot; ; 1 ] ;<CR/><TAB/>[ &quot;pillArray.pill[:]font.color&quot; ; &quot;white&quot; ; 1 ] ;<CR/><TAB/>[ &quot;pillArray.pill[+].border.stroke&quot; ; 0 ; 2 ] ;<CR/><TAB/>[ &quot;pillArray.pill[:].color.background&quot; ; &quot;#FA8072&quot; ; 1 ] ;<CR/><TAB/>[ &quot;pillArray.pill[:].text&quot; ; &quot;Peach&quot; ; 1 ] ;<CR/><TAB/>[ &quot;pillArray.pill[+].border.stroke&quot; ; 0 ; 2 ] ;<CR/><TAB/>[ &quot;pillArray.pill[:].color.background&quot; ; &quot;#F4A460&quot; ; 1 ] ;<CR/><TAB/>[ &quot;pillArray.pill[:].text&quot; ; &quot;Butterscotch&quot; ; 1 ] ;<CR/><TAB/>[ &quot;pillArray.pill[+].border.stroke&quot; ; 0 ; 2 ] ;<CR/><TAB/>[ &quot;pillArray.pill[:].color.background&quot; ; &quot;#DA70D6&quot; ; 1 ] ;<CR/><TAB/>[ &quot;pillArray.pill[:].text&quot; ; &quot;Grape&quot; ; 1 ] ;<CR/><TAB/>[ &quot;pillArray.pill[+].border.stroke&quot; ; 0 ; 2 ] ;<CR/><TAB/>[ &quot;pillArray.pill[:].color.background&quot; ; &quot;#FFD700&quot; ; 1 ] ;<CR/><TAB/>[ &quot;pillArray.pill[:].text&quot; ; &quot;Banana&quot; ; 1 ] ;<CR/><TAB/>[ &quot;pillArray.pill[+].border.stroke&quot; ; 0 ; 2 ] ;<CR/><TAB/>[ &quot;pillArray.pill[:].color.background&quot; ; &quot;#CD5C5C&quot; ; 1 ] ;<CR/><TAB/>[ &quot;pillArray.pill[:].text&quot; ; &quot;Raspberry&quot; ; 1 ] ;<CR/><TAB/>[ &quot;pillArray.pill[+].border.stroke&quot; ; 0 ; 2 ] ;<CR/><TAB/>[ &quot;pillArray.pill[:].color.background&quot; ; &quot;#00CED1&quot; ; 1 ] ;<CR/><TAB/>[ &quot;pillArray.pill[:].text&quot; ; &quot;Blue Moon&quot; ; 1 ] ;<CR/><TAB/>[ &quot;pillArray.pill[+].border.stroke&quot; ; 0 ; 2 ] ;<CR/><TAB/>[ &quot;pillArray.pill[:].color.background&quot; ; &quot;#FFE4E1&quot; ; 1 ] ;<CR/><TAB/>[ &quot;pillArray.pill[:].text&quot; ; &quot;Rose&quot; ; 1 ] ;<CR/><TAB/>[ &quot;pillArray.pill[+].border.stroke&quot; ; 0 ; 2 ] ;<CR/><TAB/>[ &quot;pillArray.pill[:].color.background&quot; ; &quot;#708090&quot; ; 1 ] ;<CR/><TAB/>[ &quot;pillArray.pill[:].text&quot; ; &quot;Earl Grey&quot; ; 1 ] ;<CR/><TAB/>[ &quot;pillArray.pill[+].border.stroke&quot; ; 0 ; 2 ] ;<CR/><TAB/>[ &quot;pillArray.pill[:].color.background&quot; ; &quot;#D8BFD8&quot; ; 1 ] ;<CR/><TAB/>[ &quot;pillArray.pill[:].text&quot; ; &quot;Lavender&quot; ; 1 ] ;<CR/><TAB/>[ &quot;pillArray.pill[+].border.stroke&quot; ; 0 ; 2 ] ;<CR/><TAB/>[ &quot;pillArray.pill[:].color.background&quot; ; &quot;#F08080&quot; ; 1 ] ;<CR/><TAB/>[ &quot;pillArray.pill[:].text&quot; ; &quot;Watermelon&quot; ; 1 ] ;<CR/><TAB/>[ &quot;pillArray.pill[+].border.stroke&quot; ; 0 ; 2 ] ;<CR/><TAB/>[ &quot;pillArray.pill[:].color.background&quot; ; &quot;#BC8F8F&quot; ; 1 ] ;<CR/><TAB/>[ &quot;pillArray.pill[:].text&quot; ; &quot;Coffee&quot; ; 1 ] ;<CR/><TAB/>[ &quot;pillArray.pill[+].border.stroke&quot; ; 0 ; 2 ] ;<CR/><TAB/>[ &quot;pillArray.pill[:].color.background&quot; ; &quot;#98FB98&quot; ; 1 ] ;<CR/><TAB/>[ &quot;pillArray.pill[:].text&quot; ; &quot;Pistachio&quot; ; 1 ] ;<CR/><TAB/>[ &quot;pillArray.pill[+].border.stroke&quot; ; 0 ; 2 ] ;<CR/><TAB/>[ &quot;pillArray.pill[:].color.background&quot; ; &quot;#8B4513&quot; ; 1 ] ;<CR/><TAB/>[ &quot;pillArray.pill[:].text&quot; ; &quot;Mocha&quot; ; 1 ] ;<CR/><TAB/>[ &quot;pillArray.pill[:]font.color&quot; ; &quot;white&quot; ; 1 ] <CR/><CR/>)</TargetText>
	<Comment>com.fmi.scriptstep.text.// For FileMaker 20 and below use 0, 1, 2 etc for array index instead of + and : in array_CR/__CR/_JSONSetElement ( &quot;&quot; ; _CR/__CR/__TAB/_[ &quot;targetWebViewer&quot; ; &quot;wv_pillCloud_[&lt;^FMXML_AddonInstanceUUID&gt;]&quot; ; 1 ] ;_CR/__TAB/_[ &quot;width&quot; ; GetLayoutObjectAttribute ( &quot;wv_pillCloud_[&lt;^FMXML_AddonInstanceUUID&gt;]&quot; ; &quot;width&quot; ) ; 2 ] ;_CR/__TAB/_[ &quot;height&quot; ; GetLayoutObjectAttribute ( &quot;wv_pillCloud_[&lt;^FMXML_AddonInstanceUUID&gt;]&quot; ; &quot;height&quot; ) ; 2 ] ;_CR/__TAB/__CR/__TAB/_[ &quot;defaultArray.default.border.stroke&quot; ; 1 ; 2 ] ;_CR/__TAB/_[ &quot;defaultArray.default.color.background&quot; ; &quot;#FFFFFF&quot; ; 1 ] ;_CR/__TAB/_[ &quot;defaultArray.default.color.fill&quot; ; &quot;#FFFFFF&quot; ; 1 ] ;_CR/__TAB/_[ &quot;defaultArray.default.color.border&quot; ; &quot;#000000&quot; ; 1 ] ;_CR/__TAB/_[ &quot;defaultArray.default.font.name&quot; ; &quot;Helvetica Neue&quot; ; 1 ] ;_CR/__TAB/_[ &quot;defaultArray.default.font.size&quot; ; 12 ; 2 ] ;_CR/__TAB/_[ &quot;defaultArray.default.font.weight&quot; ; &quot;Regular&quot; ; 1 ] ;_CR/__TAB/_[ &quot;defaultArray.default.margin.horizontal&quot; ; 15 ; 2 ] ;_CR/__TAB/_[ &quot;defaultArray.default.margin.vertical&quot; ; 10 ; 2 ] ;_CR/__TAB/_[ &quot;defaultArray.default.spacing.horizontal&quot; ; 7 ; 2 ] ;_CR/__TAB/_[ &quot;defaultArray.default.spacing.vertical&quot; ; 7 ; 2 ] ;_CR/__TAB/_[ &quot;defaultArray.default.padding.horizontal&quot; ; 5 ; 2 ] ;_CR/__TAB/_[ &quot;defaultArray.default.padding.vertical&quot; ; 5 ; 2 ] ;_CR/__TAB/_[ &quot;defaultArray.default.radius&quot; ; 5 ; 2 ] ;_CR/__CR/__TAB/_[ &quot;pillArray.pill[+].border.stroke&quot; ; 0 ; 2 ] ;_CR/__TAB/_[ &quot;pillArray.pill[:].color.background&quot; ; &quot;#FFC0CB&quot; ; 1 ] ;_CR/__TAB/_[ &quot;pillArray.pill[:].text&quot; ; &quot;Strawberry&quot; ; 1 ] ;_CR/__TAB/_[ &quot;pillArray.pill[+].border.stroke&quot; ; 0 ; 2 ] ;_CR/__TAB/_[ &quot;pillArray.pill[:].color.background&quot; ; &quot;#F5DEB3&quot; ; 1 ] ;_CR/__TAB/_[ &quot;pillArray.pill[:].text&quot; ; &quot;Vanilla&quot; ; 1 ] ;_CR/__TAB/_[ &quot;pillArray.pill[+].border.stroke&quot; ; 0 ; 2 ] ;_CR/__TAB/_[ &quot;pillArray.pill[:].color.background&quot; ; &quot;#3E2C23&quot; ; 1 ] ;_CR/__TAB/_[ &quot;pillArray.pill[:].text&quot; ; &quot;Chocolate&quot; ; 1 ] ;_CR/__TAB/_[ &quot;pillArray.pill[:]font.color&quot; ; &quot;white&quot; ; 1 ] ;_CR/__TAB/_[ &quot;pillArray.pill[+].border.stroke&quot; ; 0 ; 2 ] ;_CR/__TAB/_[ &quot;pillArray.pill[:].color.background&quot; ; &quot;#B0E0E6&quot; ; 1 ] ;_CR/__TAB/_[ &quot;pillArray.pill[:].text&quot; ; &quot;Mint&quot; ; 1 ] ;_CR/__TAB/_[ &quot;pillArray.pill[+].border.stroke&quot; ; 0 ; 2 ] ;_CR/__TAB/_[ &quot;pillArray.pill[:].color.background&quot; ; &quot;#D2691E&quot; ; 1 ] ;_CR/__TAB/_[ &quot;pillArray.pill[:].text&quot; ; &quot;Caramel&quot; ; 1 ] ;_CR/__TAB/_[ &quot;pillArray.pill[+].border.stroke&quot; ; 0 ; 2 ] ;_CR/__TAB/_[ &quot;pillArray.pill[:].color.background&quot; ; &quot;#FFFACD&quot; ; 1 ] ;_CR/__TAB/_[ &quot;pillArray.pill[:].text&quot; ; &quot;Lemon&quot; ; 1 ] ;_CR/__TAB/_[ &quot;pillArray.pill[+].border.stroke&quot; ; 0 ; 2 ] ;_CR/__TAB/_[ &quot;pillArray.pill[:].color.background&quot; ; &quot;#800080&quot; ; 1 ] ;_CR/__TAB/_[ &quot;pillArray.pill[:].text&quot; ; &quot;Blackcurrant&quot; ; 1 ] ;_CR/__TAB/_[ &quot;pillArray.pill[:]font.color&quot; ; &quot;white&quot; ; 1 ] ;_CR/__TAB/_[ &quot;pillArray.pill[+].border.stroke&quot; ; 0 ; 2 ] ;_CR/__TAB/_[ &quot;pillArray.pill[:].color.background&quot; ; &quot;#FA8072&quot; ; 1 ] ;_CR/__TAB/_[ &quot;pillArray.pill[:].text&quot; ; &quot;Peach&quot; ; 1 ] ;_CR/__TAB/_[ &quot;pillArray.pill[+].border.stroke&quot; ; 0 ; 2 ] ;_CR/__TAB/_[ &quot;pillArray.pill[:].color.background&quot; ; &quot;#F4A460&quot; ; 1 ] ;_CR/__TAB/_[ &quot;pillArray.pill[:].text&quot; ; &quot;Butterscotch&quot; ; 1 ] ;_CR/__TAB/_[ &quot;pillArray.pill[+].border.stroke&quot; ; 0 ; 2 ] ;_CR/__TAB/_[ &quot;pillArray.pill[:].color.background&quot; ; &quot;#DA70D6&quot; ; 1 ] ;_CR/__TAB/_[ &quot;pillArray.pill[:].text&quot; ; &quot;Grape&quot; ; 1 ] ;_CR/__TAB/_[ &quot;pillArray.pill[+].border.stroke&quot; ; 0 ; 2 ] ;_CR/__TAB/_[ &quot;pillArray.pill[:].color.background&quot; ; &quot;#FFD700&quot; ; 1 ] ;_CR/__TAB/_[ &quot;pillArray.pill[:].text&quot; ; &quot;Banana&quot; ; 1 ] ;_CR/__TAB/_[ &quot;pillArray.pill[+].border.stroke&quot; ; 0 ; 2 ] ;_CR/__TAB/_[ &quot;pillArray.pill[:].color.background&quot; ; &quot;#CD5C5C&quot; ; 1 ] ;_CR/__TAB/_[ &quot;pillArray.pill[:].text&quot; ; &quot;Raspberry&quot; ; 1 ] ;_CR/__TAB/_[ &quot;pillArray.pill[+].border.stroke&quot; ; 0 ; 2 ] ;_CR/__TAB/_[ &quot;pillArray.pill[:].color.background&quot; ; &quot;#00CED1&quot; ; 1 ] ;_CR/__TAB/_[ &quot;pillArray.pill[:].text&quot; ; &quot;Blue Moon&quot; ; 1 ] ;_CR/__TAB/_[ &quot;pillArray.pill[+].border.stroke&quot; ; 0 ; 2 ] ;_CR/__TAB/_[ &quot;pillArray.pill[:].color.background&quot; ; &quot;#FFE4E1&quot; ; 1 ] ;_CR/__TAB/_[ &quot;pillArray.pill[:].text&quot; ; &quot;Rose&quot; ; 1 ] ;_CR/__TAB/_[ &quot;pillArray.pill[+].border.stroke&quot; ; 0 ; 2 ] ;_CR/__TAB/_[ &quot;pillArray.pill[:].color.background&quot; ; &quot;#708090&quot; ; 1 ] ;_CR/__TAB/_[ &quot;pillArray.pill[:].text&quot; ; &quot;Earl Grey&quot; ; 1 ] ;_CR/__TAB/_[ &quot;pillArray.pill[+].border.stroke&quot; ; 0 ; 2 ] ;_CR/__TAB/_[ &quot;pillArray.pill[:].color.background&quot; ; &quot;#D8BFD8&quot; ; 1 ] ;_CR/__TAB/_[ &quot;pillArray.pill[:].text&quot; ; &quot;Lavender&quot; ; 1 ] ;_CR/__TAB/_[ &quot;pillArray.pill[+].border.stroke&quot; ; 0 ; 2 ] ;_CR/__TAB/_[ &quot;pillArray.pill[:].color.background&quot; ; &quot;#F08080&quot; ; 1 ] ;_CR/__TAB/_[ &quot;pillArray.pill[:].text&quot; ; &quot;Watermelon&quot; ; 1 ] ;_CR/__TAB/_[ &quot;pillArray.pill[+].border.stroke&quot; ; 0 ; 2 ] ;_CR/__TAB/_[ &quot;pillArray.pill[:].color.background&quot; ; &quot;#BC8F8F&quot; ; 1 ] ;_CR/__TAB/_[ &quot;pillArray.pill[:].text&quot; ; &quot;Coffee&quot; ; 1 ] ;_CR/__TAB/_[ &quot;pillArray.pill[+].border.stroke&quot; ; 0 ; 2 ] ;_CR/__TAB/_[ &quot;pillArray.pill[:].color.background&quot; ; &quot;#98FB98&quot; ; 1 ] ;_CR/__TAB/_[ &quot;pillArray.pill[:].text&quot; ; &quot;Pistachio&quot; ; 1 ] ;_CR/__TAB/_[ &quot;pillArray.pill[+].border.stroke&quot; ; 0 ; 2 ] ;_CR/__TAB/_[ &quot;pillArray.pill[:].color.background&quot; ; &quot;#8B4513&quot; ; 1 ] ;_CR/__TAB/_[ &quot;pillArray.pill[:].text&quot; ; &quot;Mocha&quot; ; 1 ] ;_CR/__TAB/_[ &quot;pillArray.pill[:]font.color&quot; ; &quot;white&quot; ; 1 ] _CR/__CR/_)</Comment>
</DynamicTemplateString>

<DynamicTemplateString>
	<StringID>com.fmi.scriptstep.text.E9F886B04A084FD7228EF2E0BC9822E7</StringID>
	<SourceText>Activation: <TAB/><TAB/><TAB/>User action, script or trigger</SourceText>
	<TargetText>Activation: <TAB/><TAB/><TAB/>User action, script or trigger</TargetText>
	<Comment>com.fmi.scriptstep.text.Activation: _TAB/__TAB/__TAB/_User action, script or trigger</Comment>
</DynamicTemplateString>

<DynamicTemplateString>
	<StringID>com.fmi.scriptstep.text.F8C692C443F93C94F89751BC18D8150A</StringID>
	<SourceText>Expected Payload Syntax</SourceText>
	<TargetText>Expected Payload Syntax</TargetText>
	<Comment>com.fmi.scriptstep.text.Expected Payload Syntax</Comment>
</DynamicTemplateString>
